TIMESTAMP,TRACK_ID,OBJECT_TYPE,X,Y,CITY_NAME
315970999.4840635,00000000-0000-0000-0000-000000000000,AV,2169.596894583045,821.2487735816511,PIT
315970999.4840635,00000000-0000-0000-0000-000000014129,OTHERS,2187.3597382360954,840.5926358317761,PIT
315970999.4840635,00000000-0000-0000-0000-000000014364,OTHERS,2181.477149330004,836.0461750208133,PIT
315970999.4840635,00000000-0000-0000-0000-000000014617,OTHERS,2180.3601762583075,827.7572268988441,PIT
315970999.4840635,00000000-0000-0000-0000-000000014669,OTHERS,2176.596876532064,832.6044322068004,PIT
315970999.4840635,00000000-0000-0000-0000-000000014786,OTHERS,2172.692095611153,769.871051877958,PIT
315970999.4840635,00000000-0000-0000-0000-000000014661,OTHERS,2161.095797130439,818.9861476599492,PIT
315970999.4840635,00000000-0000-0000-0000-000000014720,OTHERS,2192.2695077812177,844.6314784702513,PIT
315970999.4840635,00000000-0000-0000-0000-000000014762,OTHERS,2190.045139856856,839.2805151308861,PIT
315970999.4840635,00000000-0000-0000-0000-000000014787,OTHERS,2151.599778766376,799.6347329224287,PIT
315970999.4840635,00000000-0000-0000-0000-000000014751,AGENT,2155.27655247864,814.8518379774347,PIT
315970999.4840635,00000000-0000-0000-0000-000000014789,OTHERS,2087.0782335245667,762.0588598237416,PIT
315970999.4840635,00000000-0000-0000-0000-000000014723,OTHERS,2222.6816366329444,862.9012042480258,PIT
315970999.4840635,00000000-0000-0000-0000-000000014799,OTHERS,2188.902589670127,838.2880183435898,PIT
315970999.4840635,00000000-0000-0000-0000-000000014708,OTHERS,2165.813435151186,823.8473511115272,PIT
315970999.4840635,00000000-0000-0000-0000-000000014685,OTHERS,2194.0638162557552,838.9355629693912,PIT
315970999.4840635,00000000-0000-0000-0000-000000014692,OTHERS,2170.9004887395863,828.4194934666713,PIT
315970999.4840635,00000000-0000-0000-0000-000000014691,OTHERS,2187.6898289022547,834.4889474751068,PIT
315970999.4840635,00000000-0000-0000-0000-000000014676,OTHERS,2177.3321391923982,837.1290207721007,PIT
315970999.4840635,00000000-0000-0000-0000-000000014686,OTHERS,2183.185110882729,841.4834581742113,PIT
315970999.4840635,00000000-0000-0000-0000-000000014684,OTHERS,2160.436952754036,813.1048416310799,PIT
315970999.57979137,00000000-0000-0000-0000-000000000000,AV,2169.5545184752173,821.207976581404,PIT
315970999.57979137,00000000-0000-0000-0000-000000014129,OTHERS,2187.167032000544,840.4518618232297,PIT
315970999.57979137,00000000-0000-0000-0000-000000014364,OTHERS,2181.419931123733,835.9760899780867,PIT
315970999.57979137,00000000-0000-0000-0000-000000014617,OTHERS,2180.30067630655,827.7264980093444,PIT
315970999.57979137,00000000-0000-0000-0000-000000014669,OTHERS,2176.566307182824,832.6074218212178,PIT
315970999.57979137,00000000-0000-0000-0000-000000014786,OTHERS,2173.4876458619565,768.9917736942941,PIT
315970999.57979137,00000000-0000-0000-0000-000000014661,OTHERS,2161.0730350403533,818.9765491659108,PIT
315970999.57979137,00000000-0000-0000-0000-000000014720,OTHERS,2192.2378999016364,844.5903411133189,PIT
315970999.57979137,00000000-0000-0000-0000-000000014762,OTHERS,2188.3326033353687,837.8567295837294,PIT
315970999.57979137,00000000-0000-0000-0000-000000014787,OTHERS,2151.4223000205106,799.5041236464937,PIT
315970999.57979137,00000000-0000-0000-0000-000000014751,AGENT,2155.214962150956,814.8119473715799,PIT
315970999.57979137,00000000-0000-0000-0000-000000014789,OTHERS,2087.1095929897133,762.0081067006836,PIT
315970999.57979137,00000000-0000-0000-0000-000000014723,OTHERS,2222.4701413798985,862.9735488465715,PIT
315970999.57979137,00000000-0000-0000-0000-000000014801,OTHERS,2191.770702671478,837.9154024024015,PIT
315970999.57979137,00000000-0000-0000-0000-000000014799,OTHERS,2189.579643547428,838.8814135318466,PIT
315970999.57979137,00000000-0000-0000-0000-000000014708,OTHERS,2165.851493344507,823.9407421209783,PIT
315970999.57979137,00000000-0000-0000-0000-000000014685,OTHERS,2193.339877051664,838.6471429800258,PIT
315970999.57979137,00000000-0000-0000-0000-000000014692,OTHERS,2170.904860669074,828.4217837123978,PIT
315970999.57979137,00000000-0000-0000-0000-000000014691,OTHERS,2187.7292192382747,834.6123130038823,PIT
315970999.57979137,00000000-0000-0000-0000-000000014676,OTHERS,2177.3195840076733,837.1282268925522,PIT
315970999.57979137,00000000-0000-0000-0000-000000014686,OTHERS,2183.2240448473235,841.5493730178678,PIT
315970999.57979137,00000000-0000-0000-0000-000000014684,OTHERS,2160.4004813279466,813.0885946920845,PIT
315970999.6827716,00000000-0000-0000-0000-000000000000,AV,2169.5544457234205,821.2078312794732,PIT
315970999.6827716,00000000-0000-0000-0000-000000014129,OTHERS,2187.104786009199,840.3885674849879,PIT
315970999.6827716,00000000-0000-0000-0000-000000014364,OTHERS,2181.447872663314,836.0181501456848,PIT
315970999.6827716,00000000-0000-0000-0000-000000014617,OTHERS,2180.4683048728552,827.8434485739489,PIT
315970999.6827716,00000000-0000-0000-0000-000000014669,OTHERS,2176.575408618235,832.6212574933154,PIT
315970999.6827716,00000000-0000-0000-0000-000000014786,OTHERS,2174.178053855812,768.1755347876167,PIT
315970999.6827716,00000000-0000-0000-0000-000000014661,OTHERS,2161.1153606667567,819.0221846696327,PIT
315970999.6827716,00000000-0000-0000-0000-000000014720,OTHERS,2192.3023146673318,844.668619174521,PIT
315970999.6827716,00000000-0000-0000-0000-000000014762,OTHERS,2188.644533004068,838.0979881906892,PIT
315970999.6827716,00000000-0000-0000-0000-000000014787,OTHERS,2151.3175477456075,799.3991522012151,PIT
315970999.6827716,00000000-0000-0000-0000-000000014751,AGENT,2155.1555573176265,814.7612509915939,PIT
315970999.6827716,00000000-0000-0000-0000-000000014789,OTHERS,2087.1297565347395,761.9860899021795,PIT
315970999.6827716,00000000-0000-0000-0000-000000014723,OTHERS,2222.5842274475463,862.8576658796347,PIT
315970999.6827716,00000000-0000-0000-0000-000000014801,OTHERS,2193.957619671637,838.8470850345691,PIT
315970999.6827716,00000000-0000-0000-0000-000000014799,OTHERS,2189.579643547428,838.8814135318466,PIT
315970999.6827716,00000000-0000-0000-0000-000000014708,OTHERS,2165.830073853332,823.8628536883239,PIT
315970999.6827716,00000000-0000-0000-0000-000000014685,OTHERS,2192.4007931836913,838.1692572737097,PIT
315970999.6827716,00000000-0000-0000-0000-000000014692,OTHERS,2170.902786324391,828.4392413511572,PIT
315970999.6827716,00000000-0000-0000-0000-000000014691,OTHERS,2187.6979517628947,834.5158434340843,PIT
315970999.6827716,00000000-0000-0000-0000-000000014676,OTHERS,2177.337350743924,837.1541188472684,PIT
315970999.6827716,00000000-0000-0000-0000-000000014686,OTHERS,2183.2820283147935,841.6602749407792,PIT
315970999.6827716,00000000-0000-0000-0000-000000014684,OTHERS,2160.380779757291,813.0732627469359,PIT
315970999.7850428,00000000-0000-0000-0000-000000000000,AV,2169.554550938781,821.2077433142697,PIT
315970999.7850428,00000000-0000-0000-0000-000000014129,OTHERS,2187.1443257378282,840.4238714413523,PIT
315970999.7850428,00000000-0000-0000-0000-000000014364,OTHERS,2181.4161214959813,835.983299443991,PIT
315970999.7850428,00000000-0000-0000-0000-000000014617,OTHERS,2180.415248503657,827.8387945973021,PIT
315970999.7850428,00000000-0000-0000-0000-000000014669,OTHERS,2176.5389075766957,832.6002136140379,PIT
315970999.7850428,00000000-0000-0000-0000-000000014786,OTHERS,2175.186986809458,767.0742734171286,PIT
315970999.7850428,00000000-0000-0000-0000-000000014661,OTHERS,2161.066699217768,818.971164970476,PIT
315970999.7850428,00000000-0000-0000-0000-000000014720,OTHERS,2192.240213000426,844.6131841215532,PIT
315970999.7850428,00000000-0000-0000-0000-000000014762,OTHERS,2188.155179652693,837.6907587629123,PIT
315970999.7850428,00000000-0000-0000-0000-000000014787,OTHERS,2151.130662834042,799.204299559105,PIT
315970999.7850428,00000000-0000-0000-0000-000000014751,AGENT,2155.120584801313,814.7411962580337,PIT
315970999.7850428,00000000-0000-0000-0000-000000014789,OTHERS,2087.1612458277364,761.9451448628756,PIT
315970999.7850428,00000000-0000-0000-0000-000000014723,OTHERS,2222.5045137041307,863.0702820451219,PIT
315970999.7850428,00000000-0000-0000-0000-000000014801,OTHERS,2191.7454498547695,837.9274702058319,PIT
315970999.7850428,00000000-0000-0000-0000-000000014799,OTHERS,2189.579643547428,838.8814135318466,PIT
315970999.7850428,00000000-0000-0000-0000-000000014708,OTHERS,2165.815254015333,823.8488958149536,PIT
315970999.7850428,00000000-0000-0000-0000-000000014685,OTHERS,2193.2441354600746,838.5798518296416,PIT
315970999.7850428,00000000-0000-0000-0000-000000014692,OTHERS,2170.8907787137523,828.4230476958821,PIT
315970999.7850428,00000000-0000-0000-0000-000000014691,OTHERS,2187.742037920872,834.6343566835817,PIT
315970999.7850428,00000000-0000-0000-0000-000000014676,OTHERS,2177.3082077698464,837.0418938045517,PIT
315970999.7850428,00000000-0000-0000-0000-000000014686,OTHERS,2183.3671489031267,841.5909108603714,PIT
315970999.7850428,00000000-0000-0000-0000-000000014684,OTHERS,2160.522563402542,813.3491028414807,PIT
315970999.8861436,00000000-0000-0000-0000-000000000000,AV,2169.5541311686266,821.2080115500768,PIT
315970999.8861436,00000000-0000-0000-0000-000000014129,OTHERS,2187.0964683392913,840.3569398519763,PIT
315970999.8861436,00000000-0000-0000-0000-000000014364,OTHERS,2181.460532948624,836.0573958475835,PIT
315970999.8861436,00000000-0000-0000-0000-000000014617,OTHERS,2180.3578381132547,827.7615196803474,PIT
315970999.8861436,00000000-0000-0000-0000-000000014669,OTHERS,2176.584341762878,832.6184310595488,PIT
315970999.8861436,00000000-0000-0000-0000-000000014684,OTHERS,2160.5204635069044,813.3431393060457,PIT
315970999.8861436,00000000-0000-0000-0000-000000014786,OTHERS,2175.7695865122964,766.3141319172653,PIT
315970999.8861436,00000000-0000-0000-0000-000000014762,OTHERS,2187.6746174301616,837.2484288835519,PIT
315970999.8861436,00000000-0000-0000-0000-000000014789,OTHERS,2087.190355979933,761.8033471444456,PIT
315970999.8861436,00000000-0000-0000-0000-000000014723,OTHERS,2222.618010557484,862.9038398577588,PIT
315970999.8861436,00000000-0000-0000-0000-000000014801,OTHERS,2193.9493982147587,838.7808222194764,PIT
315970999.8861436,00000000-0000-0000-0000-000000014751,AGENT,2155.0667756124053,814.6692062599068,PIT
315970999.8861436,00000000-0000-0000-0000-000000014787,OTHERS,2150.980630282379,799.0830297613826,PIT
315970999.8861436,00000000-0000-0000-0000-000000014661,OTHERS,2161.0212109181093,818.9491621162407,PIT
315970999.8861436,00000000-0000-0000-0000-000000014720,OTHERS,2191.990536615452,844.1863441459648,PIT
315970999.8861436,00000000-0000-0000-0000-000000014799,OTHERS,2189.579643547428,838.8814135318466,PIT
315970999.8861436,00000000-0000-0000-0000-000000014708,OTHERS,2165.8427794280137,823.8733976278891,PIT
315970999.8861436,00000000-0000-0000-0000-000000014685,OTHERS,2192.3130712855354,838.245326825516,PIT
315970999.8861436,00000000-0000-0000-0000-000000014692,OTHERS,2170.9103111031727,828.4390152752608,PIT
315970999.8861436,00000000-0000-0000-0000-000000014691,OTHERS,2187.6804066521513,834.4712071471411,PIT
315970999.8861436,00000000-0000-0000-0000-000000014676,OTHERS,2177.3089168446027,837.0412043992261,PIT
315970999.8861436,00000000-0000-0000-0000-000000014686,OTHERS,2183.323778478952,841.6344715885759,PIT
315970999.9814832,00000000-0000-0000-0000-000000000000,AV,2169.5542021963247,821.2080681577933,PIT
315970999.9814832,00000000-0000-0000-0000-000000014129,OTHERS,2187.132154775381,840.4160606802698,PIT
315970999.9814832,00000000-0000-0000-0000-000000014364,OTHERS,2181.4541743031627,836.0058035677151,PIT
315970999.9814832,00000000-0000-0000-0000-000000014617,OTHERS,2180.468135705251,827.8384457796741,PIT
315970999.9814832,00000000-0000-0000-0000-000000014669,OTHERS,2176.56693073332,832.6135663112093,PIT
315970999.9814832,00000000-0000-0000-0000-000000014684,OTHERS,2160.421649020018,813.2179571716597,PIT
315970999.9814832,00000000-0000-0000-0000-000000014786,OTHERS,2176.7484482339223,765.3837679513406,PIT
315970999.9814832,00000000-0000-0000-0000-000000014762,OTHERS,2187.1757857595057,836.8366026192923,PIT
315970999.9814832,00000000-0000-0000-0000-000000014789,OTHERS,2087.15070933286,761.9499896371153,PIT
315970999.9814832,00000000-0000-0000-0000-000000014723,OTHERS,2222.593123420811,862.9709405481592,PIT
315970999.9814832,00000000-0000-0000-0000-000000014801,OTHERS,2193.9504690924127,838.8363006237836,PIT
315970999.9814832,00000000-0000-0000-0000-000000014692,OTHERS,2170.9336706352387,828.4120092923097,PIT
315970999.9814832,00000000-0000-0000-0000-000000014803,OTHERS,2191.744859253752,844.0425909048055,PIT
315970999.9814832,00000000-0000-0000-0000-000000014751,AGENT,2155.001120909387,814.6057249870627,PIT
315970999.9814832,00000000-0000-0000-0000-000000014787,OTHERS,2150.824460662781,798.9503334747003,PIT
315970999.9814832,00000000-0000-0000-0000-000000014661,OTHERS,2161.047896097503,818.959986065974,PIT
315970999.9814832,00000000-0000-0000-0000-000000014720,OTHERS,2192.721789656847,845.1501284760927,PIT
315970999.9814832,00000000-0000-0000-0000-000000014708,OTHERS,2165.804515616582,823.825139439928,PIT
315970999.9814832,00000000-0000-0000-0000-000000014685,OTHERS,2192.6979278779695,838.4766956086702,PIT
315970999.9814832,00000000-0000-0000-0000-000000014691,OTHERS,2187.6973362070753,834.5085400068674,PIT
315970999.9814832,00000000-0000-0000-0000-000000014676,OTHERS,2177.3320224325753,837.1185992461833,PIT
315970999.9814832,00000000-0000-0000-0000-000000014686,OTHERS,2183.241230028429,841.6332297149343,PIT
315971000.08378613,00000000-0000-0000-0000-000000000000,AV,2169.554229390836,821.2079166016078,PIT
315971000.08378613,00000000-0000-0000-0000-000000014129,OTHERS,2187.0420610048604,840.3427510108961,PIT
315971000.08378613,00000000-0000-0000-0000-000000014364,OTHERS,2181.458143974042,836.012946719957,PIT
315971000.08378613,00000000-0000-0000-0000-000000014617,OTHERS,2180.4182211531206,827.8368834839051,PIT
315971000.08378613,00000000-0000-0000-0000-000000014669,OTHERS,2176.5616188178665,832.6083097116012,PIT
315971000.08378613,00000000-0000-0000-0000-000000014684,OTHERS,2160.3344332664433,813.1174612787825,PIT
315971000.08378613,00000000-0000-0000-0000-000000014786,OTHERS,2177.1450914719558,764.7044953454837,PIT
315971000.08378613,00000000-0000-0000-0000-000000014762,OTHERS,2186.681044517245,836.4552482080337,PIT
315971000.08378613,00000000-0000-0000-0000-000000014789,OTHERS,2087.064986948621,762.0636225755534,PIT
315971000.08378613,00000000-0000-0000-0000-000000014723,OTHERS,2222.6131586747697,863.133220502071,PIT
315971000.08378613,00000000-0000-0000-0000-000000014801,OTHERS,2191.756960480939,837.9397238160362,PIT
315971000.08378613,00000000-0000-0000-0000-000000014692,OTHERS,2170.90975510844,828.4179188419188,PIT
315971000.08378613,00000000-0000-0000-0000-000000014803,OTHERS,2192.173221010264,844.3305649145192,PIT
315971000.08378613,00000000-0000-0000-0000-000000014751,AGENT,2154.9316105369558,814.5577095365074,PIT
315971000.08378613,00000000-0000-0000-0000-000000014787,OTHERS,2150.6210680038967,798.8161204431655,PIT
315971000.08378613,00000000-0000-0000-0000-000000014661,OTHERS,2161.0614285816287,818.9777290309927,PIT
315971000.08378613,00000000-0000-0000-0000-000000014720,OTHERS,2192.6014006571336,845.1272044608086,PIT
315971000.08378613,00000000-0000-0000-0000-000000014708,OTHERS,2165.817237276701,823.8583030011299,PIT
315971000.08378613,00000000-0000-0000-0000-000000014685,OTHERS,2193.267651724324,838.6205078677358,PIT
315971000.08378613,00000000-0000-0000-0000-000000014691,OTHERS,2187.5521605983195,834.4711880975276,PIT
315971000.08378613,00000000-0000-0000-0000-000000014676,OTHERS,2177.3323776601537,837.0913611342081,PIT
315971000.08378613,00000000-0000-0000-0000-000000014686,OTHERS,2183.3375243310793,841.6269076616777,PIT
315971000.18147326,00000000-0000-0000-0000-000000000000,AV,2169.5544376496387,821.2079683787117,PIT
315971000.18147326,00000000-0000-0000-0000-000000014129,OTHERS,2187.146785897654,840.4108908897508,PIT
315971000.18147326,00000000-0000-0000-0000-000000014364,OTHERS,2181.4903148717467,836.0608920836263,PIT
315971000.18147326,00000000-0000-0000-0000-000000014617,OTHERS,2180.391053861226,827.8087546669174,PIT
315971000.18147326,00000000-0000-0000-0000-000000014669,OTHERS,2176.550187317618,832.617478561002,PIT
315971000.18147326,00000000-0000-0000-0000-000000014684,OTHERS,2160.272628476394,813.0509628550204,PIT
315971000.18147326,00000000-0000-0000-0000-000000014786,OTHERS,2177.802272450844,764.3248944696633,PIT
315971000.18147326,00000000-0000-0000-0000-000000014762,OTHERS,2186.2216234352595,836.0681897703142,PIT
315971000.18147326,00000000-0000-0000-0000-000000014789,OTHERS,2087.157671526018,761.9380723972827,PIT
315971000.18147326,00000000-0000-0000-0000-000000014723,OTHERS,2222.476155399355,862.9891543150369,PIT
315971000.18147326,00000000-0000-0000-0000-000000014801,OTHERS,2193.9705781127427,838.8643600753719,PIT
315971000.18147326,00000000-0000-0000-0000-000000014692,OTHERS,2170.861041534309,828.3477733198206,PIT
315971000.18147326,00000000-0000-0000-0000-000000014803,OTHERS,2191.7894484275575,844.0699890841219,PIT
315971000.18147326,00000000-0000-0000-0000-000000014751,AGENT,2154.8853739237675,814.4976164919711,PIT
315971000.18147326,00000000-0000-0000-0000-000000014787,OTHERS,2150.4561523605626,798.7171859762041,PIT
315971000.18147326,00000000-0000-0000-0000-000000014661,OTHERS,2161.0640486411494,819.004290815083,PIT
315971000.18147326,00000000-0000-0000-0000-000000014720,OTHERS,2192.681003993552,845.1265830836162,PIT
315971000.18147326,00000000-0000-0000-0000-000000014708,OTHERS,2165.860669492881,823.9555601659728,PIT
315971000.18147326,00000000-0000-0000-0000-000000014685,OTHERS,2192.3042022818554,838.2031017535141,PIT
315971000.18147326,00000000-0000-0000-0000-000000014691,OTHERS,2187.6983979773104,834.5174535412165,PIT
315971000.18147326,00000000-0000-0000-0000-000000014676,OTHERS,2177.3283400095434,837.1373843806513,PIT
315971000.18147326,00000000-0000-0000-0000-000000014686,OTHERS,2183.2669328205207,841.6685114545468,PIT
315971000.2842187,00000000-0000-0000-0000-000000000000,AV,2169.554402178922,821.2081951945934,PIT
315971000.2842187,00000000-0000-0000-0000-000000014129,OTHERS,2187.0203323416927,840.3019571962102,PIT
315971000.2842187,00000000-0000-0000-0000-000000014617,OTHERS,2180.4200536465123,827.7763804421862,PIT
315971000.2842187,00000000-0000-0000-0000-000000014669,OTHERS,2176.5871727876142,832.619342366305,PIT
315971000.2842187,00000000-0000-0000-0000-000000014684,OTHERS,2160.1836063220553,812.9711092999496,PIT
315971000.2842187,00000000-0000-0000-0000-000000014786,OTHERS,2178.1973936284107,763.178483848949,PIT
315971000.2842187,00000000-0000-0000-0000-000000014801,OTHERS,2194.067991644653,838.9243731499344,PIT
315971000.2842187,00000000-0000-0000-0000-000000014762,OTHERS,2185.7631906349443,835.6773966092694,PIT
315971000.2842187,00000000-0000-0000-0000-000000014364,OTHERS,2181.4554179252855,836.0316819730725,PIT
315971000.2842187,00000000-0000-0000-0000-000000014789,OTHERS,2087.093391157959,762.0560000777591,PIT
315971000.2842187,00000000-0000-0000-0000-000000014723,OTHERS,2222.511944455399,863.1524816827846,PIT
315971000.2842187,00000000-0000-0000-0000-000000014692,OTHERS,2170.893888372883,828.4310403801575,PIT
315971000.2842187,00000000-0000-0000-0000-000000014751,AGENT,2154.769700469469,814.4077063417462,PIT
315971000.2842187,00000000-0000-0000-0000-000000014787,OTHERS,2150.2813730268645,798.5415763488472,PIT
315971000.2842187,00000000-0000-0000-0000-000000014661,OTHERS,2161.23476138144,819.1222067383168,PIT
315971000.2842187,00000000-0000-0000-0000-000000014720,OTHERS,2191.626719973811,843.9506363812999,PIT
315971000.2842187,00000000-0000-0000-0000-000000014708,OTHERS,2165.8110450958193,823.8385125672444,PIT
315971000.2842187,00000000-0000-0000-0000-000000014685,OTHERS,2192.302343472576,838.2430594952434,PIT
315971000.2842187,00000000-0000-0000-0000-000000014691,OTHERS,2187.676463911792,834.4794834675104,PIT
315971000.2842187,00000000-0000-0000-0000-000000014676,OTHERS,2177.282003878938,837.0240993040967,PIT
315971000.2842187,00000000-0000-0000-0000-000000014686,OTHERS,2183.370352297444,841.6626107565187,PIT
315971000.3838342,00000000-0000-0000-0000-000000000000,AV,2169.554328274246,821.2082170444318,PIT
315971000.3838342,00000000-0000-0000-0000-000000014129,OTHERS,2187.01906568538,840.3285259250822,PIT
315971000.3838342,00000000-0000-0000-0000-000000014617,OTHERS,2180.381674158863,827.8150352187674,PIT
315971000.3838342,00000000-0000-0000-0000-000000014669,OTHERS,2176.5490215263694,832.5944820539934,PIT
315971000.3838342,00000000-0000-0000-0000-000000014786,OTHERS,2178.1973936284107,763.178483848949,PIT
315971000.3838342,00000000-0000-0000-0000-000000014661,OTHERS,2161.2171422501024,819.1386662509552,PIT
315971000.3838342,00000000-0000-0000-0000-000000014720,OTHERS,2192.5927113276957,844.9708750811932,PIT
315971000.3838342,00000000-0000-0000-0000-000000014762,OTHERS,2185.242283979475,835.2803215959058,PIT
315971000.3838342,00000000-0000-0000-0000-000000014364,OTHERS,2181.4936874244368,836.0668879995407,PIT
315971000.3838342,00000000-0000-0000-0000-000000014787,OTHERS,2150.108934126224,798.4294001245613,PIT
315971000.3838342,00000000-0000-0000-0000-000000014751,AGENT,2154.6793306298277,814.3156191161287,PIT
315971000.3838342,00000000-0000-0000-0000-000000014789,OTHERS,2087.081462109361,762.025230942367,PIT
315971000.3838342,00000000-0000-0000-0000-000000014723,OTHERS,2222.6049287980613,863.1275589292408,PIT
315971000.3838342,00000000-0000-0000-0000-000000014708,OTHERS,2165.85184782969,823.9445690137877,PIT
315971000.3838342,00000000-0000-0000-0000-000000014685,OTHERS,2192.921300727391,838.4135352123499,PIT
315971000.3838342,00000000-0000-0000-0000-000000014692,OTHERS,2170.924402700202,828.3998114217668,PIT
315971000.3838342,00000000-0000-0000-0000-000000014691,OTHERS,2187.7067257507583,834.537029664629,PIT
315971000.3838342,00000000-0000-0000-0000-000000014676,OTHERS,2177.3244879003505,837.032824610348,PIT
315971000.3838342,00000000-0000-0000-0000-000000014686,OTHERS,2183.341888628655,841.6273404635065,PIT
315971000.3838342,00000000-0000-0000-0000-000000014684,OTHERS,2159.97119223884,812.825915383851,PIT
315971000.4824791,00000000-0000-0000-0000-000000000000,AV,2169.554324123837,821.2082826773683,PIT
315971000.4824791,00000000-0000-0000-0000-000000014129,OTHERS,2187.0847357596235,840.3666609541324,PIT
315971000.4824791,00000000-0000-0000-0000-000000014617,OTHERS,2180.3014772104048,827.7330152804747,PIT
315971000.4824791,00000000-0000-0000-0000-000000014669,OTHERS,2176.5456570313127,832.599755248451,PIT
315971000.4824791,00000000-0000-0000-0000-000000014786,OTHERS,2178.1973936284107,763.178483848949,PIT
315971000.4824791,00000000-0000-0000-0000-000000014661,OTHERS,2161.1847047326237,819.1102935206717,PIT
315971000.4824791,00000000-0000-0000-0000-000000014720,OTHERS,2192.5394126568413,845.0956376248594,PIT
315971000.4824791,00000000-0000-0000-0000-000000014762,OTHERS,2184.733481734416,834.9062102335927,PIT
315971000.4824791,00000000-0000-0000-0000-000000014364,OTHERS,2181.427384704791,836.0015179592177,PIT
315971000.4824791,00000000-0000-0000-0000-000000014787,OTHERS,2149.9537182713493,798.3075324970233,PIT
315971000.4824791,00000000-0000-0000-0000-000000014751,AGENT,2154.5574968155515,814.1919692677182,PIT
315971000.4824791,00000000-0000-0000-0000-000000014789,OTHERS,2087.06686528718,762.0516677121394,PIT
315971000.4824791,00000000-0000-0000-0000-000000014723,OTHERS,2222.5017890594963,862.988219893596,PIT
315971000.4824791,00000000-0000-0000-0000-000000014708,OTHERS,2165.8131896712034,823.8480818398132,PIT
315971000.4824791,00000000-0000-0000-0000-000000014685,OTHERS,2192.9727121607225,838.4673829273938,PIT
315971000.4824791,00000000-0000-0000-0000-000000014692,OTHERS,2170.9317289340333,828.4000945818863,PIT
315971000.4824791,00000000-0000-0000-0000-000000014691,OTHERS,2187.6762474883053,834.4005217130998,PIT
315971000.4824791,00000000-0000-0000-0000-000000014676,OTHERS,2177.3157820549122,837.0414535129739,PIT
315971000.4824791,00000000-0000-0000-0000-000000014686,OTHERS,2183.272856745504,841.535616310204,PIT
315971000.4824791,00000000-0000-0000-0000-000000014684,OTHERS,2159.658100368889,812.4314509604865,PIT
315971000.57993376,00000000-0000-0000-0000-000000000000,AV,2169.5542439806545,821.2082876785103,PIT
315971000.57993376,00000000-0000-0000-0000-000000014129,OTHERS,2187.0673639073057,840.3109347332343,PIT
315971000.57993376,00000000-0000-0000-0000-000000014617,OTHERS,2180.3758959946085,827.8221260701104,PIT
315971000.57993376,00000000-0000-0000-0000-000000014669,OTHERS,2176.5799411137227,832.625492870412,PIT
315971000.57993376,00000000-0000-0000-0000-000000014786,OTHERS,2178.1973936284107,763.178483848949,PIT
315971000.57993376,00000000-0000-0000-0000-000000014661,OTHERS,2160.9771593408645,818.9399011114363,PIT
315971000.57993376,00000000-0000-0000-0000-000000014720,OTHERS,2192.479644932286,845.2395256544105,PIT
315971000.57993376,00000000-0000-0000-0000-000000014762,OTHERS,2184.271240323481,834.5015421024268,PIT
315971000.57993376,00000000-0000-0000-0000-000000014364,OTHERS,2181.4773397627614,836.0769182793761,PIT
315971000.57993376,00000000-0000-0000-0000-000000014787,OTHERS,2149.8738785814307,798.1531837249347,PIT
315971000.57993376,00000000-0000-0000-0000-000000014751,AGENT,2154.434350379668,814.0984336921106,PIT
315971000.57993376,00000000-0000-0000-0000-000000014789,OTHERS,2087.1348517186307,761.9775254948038,PIT
315971000.57993376,00000000-0000-0000-0000-000000014723,OTHERS,2222.7144068635735,862.9124932557808,PIT
315971000.57993376,00000000-0000-0000-0000-000000014708,OTHERS,2165.82130061596,823.8394968025499,PIT
315971000.57993376,00000000-0000-0000-0000-000000014685,OTHERS,2192.942343509664,838.4147814905783,PIT
315971000.57993376,00000000-0000-0000-0000-000000014692,OTHERS,2170.8937350830606,828.4166506774964,PIT
315971000.57993376,00000000-0000-0000-0000-000000014691,OTHERS,2187.4982832273813,834.3667465966663,PIT
315971000.57993376,00000000-0000-0000-0000-000000014676,OTHERS,2177.309842128895,837.0398368108401,PIT
315971000.57993376,00000000-0000-0000-0000-000000014686,OTHERS,2183.0792621801747,841.3875931508078,PIT
315971000.57993376,00000000-0000-0000-0000-000000014684,OTHERS,2159.491382578697,812.309316476591,PIT
315971000.67750484,00000000-0000-0000-0000-000000000000,AV,2169.5542362832457,821.2085412238008,PIT
315971000.67750484,00000000-0000-0000-0000-000000014129,OTHERS,2187.0535852493153,840.3431015759288,PIT
315971000.67750484,00000000-0000-0000-0000-000000014762,OTHERS,2183.813110389772,834.111654995137,PIT
315971000.67750484,00000000-0000-0000-0000-000000014364,OTHERS,2181.4222630096915,835.9886235731339,PIT
315971000.67750484,00000000-0000-0000-0000-000000014723,OTHERS,2222.4272642281408,863.1342566623665,PIT
315971000.67750484,00000000-0000-0000-0000-000000014789,OTHERS,2087.159356337517,761.9130655448372,PIT
315971000.67750484,00000000-0000-0000-0000-000000014751,AGENT,2154.2953932283185,813.967305767027,PIT
315971000.67750484,00000000-0000-0000-0000-000000014787,OTHERS,2149.7071100713883,798.0127514395161,PIT
315971000.67750484,00000000-0000-0000-0000-000000014661,OTHERS,2160.977135682504,818.9360143953155,PIT
315971000.67750484,00000000-0000-0000-0000-000000014720,OTHERS,2192.437892776289,845.180340754483,PIT
315971000.67750484,00000000-0000-0000-0000-000000014708,OTHERS,2165.8255347459267,823.8636165086888,PIT
315971000.67750484,00000000-0000-0000-0000-000000014685,OTHERS,2192.958761176119,838.4497966206818,PIT
315971000.67750484,00000000-0000-0000-0000-000000014692,OTHERS,2170.904583940176,828.4232177860292,PIT
315971000.67750484,00000000-0000-0000-0000-000000014691,OTHERS,2187.734148138948,834.616620793824,PIT
315971000.67750484,00000000-0000-0000-0000-000000014676,OTHERS,2177.3183795910254,837.117312332632,PIT
315971000.67750484,00000000-0000-0000-0000-000000014686,OTHERS,2183.2585379422267,841.4758750578018,PIT
315971000.67750484,00000000-0000-0000-0000-000000014684,OTHERS,2159.3795658512904,812.2067658893036,PIT
315971000.67750484,00000000-0000-0000-0000-000000014669,OTHERS,2176.5474035336188,832.6031739810871,PIT
315971000.67750484,00000000-0000-0000-0000-000000014617,OTHERS,2180.316929202705,827.7390667214827,PIT
315971000.7802959,00000000-0000-0000-0000-000000000000,AV,2169.5539514615907,821.2086045299626,PIT
315971000.7802959,00000000-0000-0000-0000-000000014129,OTHERS,2187.011694046963,840.2658880784178,PIT
315971000.7802959,00000000-0000-0000-0000-000000014762,OTHERS,2183.345874903539,833.766615841957,PIT
315971000.7802959,00000000-0000-0000-0000-000000014364,OTHERS,2181.441940811901,835.9941439907252,PIT
315971000.7802959,00000000-0000-0000-0000-000000014723,OTHERS,2222.648406590493,862.9523977398703,PIT
315971000.7802959,00000000-0000-0000-0000-000000014789,OTHERS,2087.1188484111467,761.9998309646637,PIT
315971000.7802959,00000000-0000-0000-0000-000000014751,AGENT,2154.1653575095997,813.8484962503026,PIT
315971000.7802959,00000000-0000-0000-0000-000000014787,OTHERS,2149.570073848221,797.8760147251277,PIT
315971000.7802959,00000000-0000-0000-0000-000000014661,OTHERS,2160.892883855624,818.8768913489139,PIT
315971000.7802959,00000000-0000-0000-0000-000000014720,OTHERS,2192.437892776289,845.180340754483,PIT
315971000.7802959,00000000-0000-0000-0000-000000014708,OTHERS,2165.8606721250235,823.9297580636984,PIT
315971000.7802959,00000000-0000-0000-0000-000000014685,OTHERS,2192.944878277728,838.4397304665529,PIT
315971000.7802959,00000000-0000-0000-0000-000000014692,OTHERS,2170.902139982797,828.4241234398885,PIT
315971000.7802959,00000000-0000-0000-0000-000000014691,OTHERS,2187.6494267342428,834.445098008007,PIT
315971000.7802959,00000000-0000-0000-0000-000000014676,OTHERS,2177.2932402228967,837.0777072252542,PIT
315971000.7802959,00000000-0000-0000-0000-000000014686,OTHERS,2183.346169537869,841.6460816424549,PIT
315971000.7802959,00000000-0000-0000-0000-000000014684,OTHERS,2159.226883644107,812.0747251345296,PIT
315971000.7802959,00000000-0000-0000-0000-000000014669,OTHERS,2176.581027606168,832.6318134557828,PIT
315971000.7802959,00000000-0000-0000-0000-000000014617,OTHERS,2180.4076675434007,827.7660062750557,PIT
315971000.8826125,00000000-0000-0000-0000-000000000000,AV,2169.553902423177,821.2085489344229,PIT
315971000.8826125,00000000-0000-0000-0000-000000014129,OTHERS,2187.040034099326,840.2912877245508,PIT
315971000.8826125,00000000-0000-0000-0000-000000014364,OTHERS,2181.4570047678935,836.0220527046305,PIT
315971000.8826125,00000000-0000-0000-0000-000000014617,OTHERS,2180.351283859046,827.7706641599938,PIT
315971000.8826125,00000000-0000-0000-0000-000000014661,OTHERS,2160.886584071433,818.8690375940215,PIT
315971000.8826125,00000000-0000-0000-0000-000000014720,OTHERS,2192.437892776289,845.180340754483,PIT
315971000.8826125,00000000-0000-0000-0000-000000014762,OTHERS,2182.8958739380287,833.3782347894322,PIT
315971000.8826125,00000000-0000-0000-0000-000000014787,OTHERS,2149.406167192754,797.7347989780469,PIT
315971000.8826125,00000000-0000-0000-0000-000000014751,AGENT,2154.0330888403587,813.6914057055645,PIT
315971000.8826125,00000000-0000-0000-0000-000000014789,OTHERS,2087.1165159748098,761.9990775600369,PIT
315971000.8826125,00000000-0000-0000-0000-000000014723,OTHERS,2222.5696083181047,863.1151457176511,PIT
315971000.8826125,00000000-0000-0000-0000-000000014684,OTHERS,2158.5816307180467,811.5239884874028,PIT
315971000.8826125,00000000-0000-0000-0000-000000014691,OTHERS,2187.7484959051158,834.5419354146446,PIT
315971000.8826125,00000000-0000-0000-0000-000000014676,OTHERS,2177.3306552266813,837.1220726028149,PIT
315971000.8826125,00000000-0000-0000-0000-000000014708,OTHERS,2165.831426000982,823.8705843339512,PIT
315971000.8826125,00000000-0000-0000-0000-000000014685,OTHERS,2192.92445309385,838.4154365647862,PIT
315971000.8826125,00000000-0000-0000-0000-000000014692,OTHERS,2170.8902244410183,828.416447539197,PIT
315971000.8826125,00000000-0000-0000-0000-000000014686,OTHERS,2183.4023422909895,841.629491641359,PIT
315971000.8826125,00000000-0000-0000-0000-000000014669,OTHERS,2176.5910682168515,832.6304046695012,PIT
315971000.98076487,00000000-0000-0000-0000-000000000000,AV,2169.5538425015448,821.2085018709431,PIT
315971000.98076487,00000000-0000-0000-0000-000000014129,OTHERS,2187.0312784315256,840.3329769148797,PIT
315971000.98076487,00000000-0000-0000-0000-000000014364,OTHERS,2181.456917668171,836.0154905970097,PIT
315971000.98076487,00000000-0000-0000-0000-000000014617,OTHERS,2180.3952935354887,827.7966253331357,PIT
315971000.98076487,00000000-0000-0000-0000-000000014669,OTHERS,2176.55794414322,832.6370136160426,PIT
315971000.98076487,00000000-0000-0000-0000-000000014661,OTHERS,2160.8209863552192,818.8263769008856,PIT
315971000.98076487,00000000-0000-0000-0000-000000014720,OTHERS,2192.437892776289,845.180340754483,PIT
315971000.98076487,00000000-0000-0000-0000-000000014762,OTHERS,2182.460831437768,833.0389657692758,PIT
315971000.98076487,00000000-0000-0000-0000-000000014787,OTHERS,2149.2277760568754,797.6060061156035,PIT
315971000.98076487,00000000-0000-0000-0000-000000014751,AGENT,2153.8403166153785,813.5393938474858,PIT
315971000.98076487,00000000-0000-0000-0000-000000014789,OTHERS,2087.072370175029,762.0395747488171,PIT
315971000.98076487,00000000-0000-0000-0000-000000014723,OTHERS,2222.445544449105,863.087373140077,PIT
315971000.98076487,00000000-0000-0000-0000-000000014691,OTHERS,2187.6951986833137,834.5140492513337,PIT
315971000.98076487,00000000-0000-0000-0000-000000014676,OTHERS,2177.331858304029,837.1390411250306,PIT
315971000.98076487,00000000-0000-0000-0000-000000014708,OTHERS,2165.820984012833,824.065159064856,PIT
315971000.98076487,00000000-0000-0000-0000-000000014685,OTHERS,2193.00463250588,838.4812730626422,PIT
315971000.98076487,00000000-0000-0000-0000-000000014684,OTHERS,2158.209176751054,811.1143783875442,PIT
315971000.98076487,00000000-0000-0000-0000-000000014692,OTHERS,2170.883169298248,828.4082786082886,PIT
315971000.98076487,00000000-0000-0000-0000-000000014686,OTHERS,2183.312442697912,841.6947460053121,PIT
315971001.0834503,00000000-0000-0000-0000-000000000000,AV,2169.5531564272123,821.2075303708098,PIT
315971001.0834503,00000000-0000-0000-0000-000000014129,OTHERS,2186.876026374879,840.2208061590593,PIT
315971001.0834503,00000000-0000-0000-0000-000000014661,OTHERS,2160.9550898530915,818.9406711424213,PIT
315971001.0834503,00000000-0000-0000-0000-000000014364,OTHERS,2181.562341978713,836.1852661650325,PIT
315971001.0834503,00000000-0000-0000-0000-000000014617,OTHERS,2180.3010087579787,827.7086029082827,PIT
315971001.0834503,00000000-0000-0000-0000-000000014762,OTHERS,2182.022234195225,832.6911310304918,PIT
315971001.0834503,00000000-0000-0000-0000-000000014787,OTHERS,2149.056210483936,797.5319780890527,PIT
315971001.0834503,00000000-0000-0000-0000-000000014751,AGENT,2153.558168755529,813.3585498896773,PIT
315971001.0834503,00000000-0000-0000-0000-000000014789,OTHERS,2087.175342823205,761.9114656579103,PIT
315971001.0834503,00000000-0000-0000-0000-000000014723,OTHERS,2222.544637995976,862.8702816263975,PIT
315971001.0834503,00000000-0000-0000-0000-000000014691,OTHERS,2187.7323448127136,834.6067158908328,PIT
315971001.0834503,00000000-0000-0000-0000-000000014676,OTHERS,2177.328523606405,837.1621653683841,PIT
315971001.0834503,00000000-0000-0000-0000-000000014708,OTHERS,2165.7987906463554,824.0707234509897,PIT
315971001.0834503,00000000-0000-0000-0000-000000014685,OTHERS,2192.996326955827,838.4811035423743,PIT
315971001.0834503,00000000-0000-0000-0000-000000014684,OTHERS,2157.9830096304104,810.9568088386659,PIT
315971001.0834503,00000000-0000-0000-0000-000000014692,OTHERS,2170.906170016903,828.4325513061842,PIT
315971001.0834503,00000000-0000-0000-0000-000000014686,OTHERS,2183.2520219568723,841.5649611798918,PIT
315971001.0834503,00000000-0000-0000-0000-000000014669,OTHERS,2176.586898639769,832.6388696628003,PIT
315971001.1836918,00000000-0000-0000-0000-000000000000,AV,2169.5488897110613,821.2032214360165,PIT
315971001.1836918,00000000-0000-0000-0000-000000014129,OTHERS,2186.789419329835,840.1288258121452,PIT
315971001.1836918,00000000-0000-0000-0000-000000014661,OTHERS,2160.8695733471313,818.8780473125003,PIT
315971001.1836918,00000000-0000-0000-0000-000000014364,OTHERS,2181.41760009132,835.973894149827,PIT
315971001.1836918,00000000-0000-0000-0000-000000014617,OTHERS,2180.4241327159743,827.8227887489431,PIT
315971001.1836918,00000000-0000-0000-0000-000000014762,OTHERS,2181.5976812737867,832.3244101657057,PIT
315971001.1836918,00000000-0000-0000-0000-000000014787,OTHERS,2148.905695464733,797.3425657176207,PIT
315971001.1836918,00000000-0000-0000-0000-000000014751,AGENT,2153.3785607289174,813.1907557477806,PIT
315971001.1836918,00000000-0000-0000-0000-000000014789,OTHERS,2087.1029448662925,762.0199793073023,PIT
315971001.1836918,00000000-0000-0000-0000-000000014723,OTHERS,2222.2653633865634,863.241484702475,PIT
315971001.1836918,00000000-0000-0000-0000-000000014691,OTHERS,2187.735897550756,834.6290006250183,PIT
315971001.1836918,00000000-0000-0000-0000-000000014676,OTHERS,2177.3199926229745,837.0413187035002,PIT
315971001.1836918,00000000-0000-0000-0000-000000014708,OTHERS,2165.7870518021937,823.9209373116263,PIT
315971001.1836918,00000000-0000-0000-0000-000000014685,OTHERS,2192.8912819335583,838.4451051247322,PIT
315971001.1836918,00000000-0000-0000-0000-000000014684,OTHERS,2157.879227137001,810.9874925937813,PIT
315971001.1836918,00000000-0000-0000-0000-000000014692,OTHERS,2170.850443942673,828.3494234351599,PIT
315971001.1836918,00000000-0000-0000-0000-000000014686,OTHERS,2183.287190635402,841.5292878230362,PIT
315971001.1836918,00000000-0000-0000-0000-000000014669,OTHERS,2176.5678950188158,832.5981120171108,PIT
315971001.2816935,00000000-0000-0000-0000-000000000000,AV,2169.5418714384746,821.1959894976379,PIT
315971001.2816935,00000000-0000-0000-0000-000000014129,OTHERS,2186.7423479134995,840.1536522272577,PIT
315971001.2816935,00000000-0000-0000-0000-000000014661,OTHERS,2160.8980796079713,818.9160524844898,PIT
315971001.2816935,00000000-0000-0000-0000-000000014762,OTHERS,2181.221595184157,832.0098011067666,PIT
315971001.2816935,00000000-0000-0000-0000-000000014723,OTHERS,2222.4466005690456,863.1114353933729,PIT
315971001.2816935,00000000-0000-0000-0000-000000014789,OTHERS,2087.140005288541,761.9920885530188,PIT
315971001.2816935,00000000-0000-0000-0000-000000014708,OTHERS,2165.810291875493,823.911252751766,PIT
315971001.2816935,00000000-0000-0000-0000-000000014685,OTHERS,2192.9258723072385,838.4358390268884,PIT
315971001.2816935,00000000-0000-0000-0000-000000014751,AGENT,2153.173989858865,813.0089248634563,PIT
315971001.2816935,00000000-0000-0000-0000-000000014787,OTHERS,2148.729535164529,797.2562865594243,PIT
315971001.2816935,00000000-0000-0000-0000-000000014692,OTHERS,2170.9239214928275,828.4222929592572,PIT
315971001.2816935,00000000-0000-0000-0000-000000014691,OTHERS,2187.735209143877,834.6227882997298,PIT
315971001.2816935,00000000-0000-0000-0000-000000014676,OTHERS,2177.3356064543905,837.1542984327582,PIT
315971001.2816935,00000000-0000-0000-0000-000000014686,OTHERS,2183.2782775355217,841.5303390694191,PIT
315971001.2816935,00000000-0000-0000-0000-000000014684,OTHERS,2157.50081953264,810.4275613358748,PIT
315971001.2816935,00000000-0000-0000-0000-000000014669,OTHERS,2176.5661158090666,832.6023992274621,PIT
315971001.2816935,00000000-0000-0000-0000-000000014617,OTHERS,2180.363725766045,827.8074699430258,PIT
315971001.2816935,00000000-0000-0000-0000-000000014364,OTHERS,2181.4293360302945,835.9742138434626,PIT
315971001.3860764,00000000-0000-0000-0000-000000000000,AV,2169.520715180993,821.1720713151668,PIT
315971001.3860764,00000000-0000-0000-0000-000000014661,OTHERS,2160.780711049109,818.8003676622618,PIT
315971001.3860764,00000000-0000-0000-0000-000000014762,OTHERS,2180.798169266392,831.6863039952989,PIT
315971001.3860764,00000000-0000-0000-0000-000000014723,OTHERS,2222.459949941284,863.0531655349879,PIT
315971001.3860764,00000000-0000-0000-0000-000000014789,OTHERS,2087.070373027513,762.0281432986773,PIT
315971001.3860764,00000000-0000-0000-0000-000000014129,OTHERS,2186.6384772475567,840.0619397695001,PIT
315971001.3860764,00000000-0000-0000-0000-000000014751,AGENT,2152.933794449602,812.7675159587018,PIT
315971001.3860764,00000000-0000-0000-0000-000000014787,OTHERS,2148.614660255384,797.1312285928446,PIT
315971001.3860764,00000000-0000-0000-0000-000000014708,OTHERS,2165.814943637427,823.950021761855,PIT
315971001.3860764,00000000-0000-0000-0000-000000014685,OTHERS,2192.9246922429247,838.4408422737068,PIT
315971001.3860764,00000000-0000-0000-0000-000000014692,OTHERS,2170.8961015186915,828.4234714943912,PIT
315971001.3860764,00000000-0000-0000-0000-000000014691,OTHERS,2187.744664380903,834.591671989224,PIT
315971001.3860764,00000000-0000-0000-0000-000000014676,OTHERS,2177.3291430181866,837.1375431824623,PIT
315971001.3860764,00000000-0000-0000-0000-000000014686,OTHERS,2183.3368314163713,841.660428618463,PIT
315971001.3860764,00000000-0000-0000-0000-000000014684,OTHERS,2157.2971689830647,810.1800415985017,PIT
315971001.3860764,00000000-0000-0000-0000-000000014669,OTHERS,2176.58480294434,832.6369787577464,PIT
315971001.3860764,00000000-0000-0000-0000-000000014617,OTHERS,2180.280205708872,827.6929046163426,PIT
315971001.3860764,00000000-0000-0000-0000-000000014364,OTHERS,2181.472647205706,836.0300338319714,PIT
315971001.4885537,00000000-0000-0000-0000-000000000000,AV,2169.4846022066777,821.1361789938063,PIT
315971001.4885537,00000000-0000-0000-0000-000000014661,OTHERS,2160.762094131813,818.803403110446,PIT
315971001.4885537,00000000-0000-0000-0000-000000014364,OTHERS,2181.4903744794506,836.1039893039267,PIT
315971001.4885537,00000000-0000-0000-0000-000000014762,OTHERS,2180.390741831358,831.370933466419,PIT
315971001.4885537,00000000-0000-0000-0000-000000014723,OTHERS,2222.5092829828927,863.2715621998012,PIT
315971001.4885537,00000000-0000-0000-0000-000000014789,OTHERS,2087.1719518246973,761.8844990954152,PIT
315971001.4885537,00000000-0000-0000-0000-000000014129,OTHERS,2186.5855679230167,840.0704036561115,PIT
315971001.4885537,00000000-0000-0000-0000-000000014751,AGENT,2152.680738360748,812.5641570717421,PIT
315971001.4885537,00000000-0000-0000-0000-000000014787,OTHERS,2148.4845101937526,796.998306137161,PIT
315971001.4885537,00000000-0000-0000-0000-000000014708,OTHERS,2165.7969339684355,823.8450179757422,PIT
315971001.4885537,00000000-0000-0000-0000-000000014685,OTHERS,2192.7081053110064,838.3003092860872,PIT
315971001.4885537,00000000-0000-0000-0000-000000014692,OTHERS,2170.901698457632,828.4449093008107,PIT
315971001.4885537,00000000-0000-0000-0000-000000014691,OTHERS,2187.652804105417,834.5679825329373,PIT
315971001.4885537,00000000-0000-0000-0000-000000014676,OTHERS,2177.3341984756,837.1541956619371,PIT
315971001.4885537,00000000-0000-0000-0000-000000014686,OTHERS,2183.313355147405,841.648486400451,PIT
315971001.4885537,00000000-0000-0000-0000-000000014684,OTHERS,2157.0691785056274,809.9734676239026,PIT
315971001.4885537,00000000-0000-0000-0000-000000014669,OTHERS,2176.548323702255,832.617085452874,PIT
315971001.4885537,00000000-0000-0000-0000-000000014617,OTHERS,2180.348730990585,827.7428988886219,PIT
315971001.58993983,00000000-0000-0000-0000-000000000000,AV,2169.4380030050324,821.089217282156,PIT
315971001.58993983,00000000-0000-0000-0000-000000014661,OTHERS,2160.1396387875643,818.1734788176384,PIT
315971001.58993983,00000000-0000-0000-0000-000000014364,OTHERS,2181.3992822389055,835.9717107701082,PIT
315971001.58993983,00000000-0000-0000-0000-000000014617,OTHERS,2180.247883087754,827.6802462535451,PIT
315971001.58993983,00000000-0000-0000-0000-000000014762,OTHERS,2180.0323792445283,831.0494345071259,PIT
315971001.58993983,00000000-0000-0000-0000-000000014787,OTHERS,2148.336469905572,796.8474146568375,PIT
315971001.58993983,00000000-0000-0000-0000-000000014751,AGENT,2152.3409313948428,812.3253803284192,PIT
315971001.58993983,00000000-0000-0000-0000-000000014789,OTHERS,2087.2496677562044,761.838830631814,PIT
315971001.58993983,00000000-0000-0000-0000-000000014129,OTHERS,2186.535158257025,839.9965860324901,PIT
315971001.58993983,00000000-0000-0000-0000-000000014723,OTHERS,2222.5340784694117,863.1884191240061,PIT
315971001.58993983,00000000-0000-0000-0000-000000014708,OTHERS,2165.8368847563047,823.9448879058708,PIT
315971001.58993983,00000000-0000-0000-0000-000000014685,OTHERS,2192.6828982077104,838.2597104069333,PIT
315971001.58993983,00000000-0000-0000-0000-000000014692,OTHERS,2170.920003010909,828.3838771833983,PIT
315971001.58993983,00000000-0000-0000-0000-000000014691,OTHERS,2187.7149236563755,834.6059221874318,PIT
315971001.58993983,00000000-0000-0000-0000-000000014676,OTHERS,2177.308435971448,837.1352799475011,PIT
315971001.58993983,00000000-0000-0000-0000-000000014686,OTHERS,2183.306019479826,841.727101749394,PIT
315971001.58993983,00000000-0000-0000-0000-000000014684,OTHERS,2156.8397781877634,809.7056040377705,PIT
315971001.58993983,00000000-0000-0000-0000-000000014669,OTHERS,2176.541649794095,832.6025080020431,PIT
315971001.7104081,00000000-0000-0000-0000-000000000000,AV,2169.3641586863805,821.0146161429321,PIT
315971001.7104081,00000000-0000-0000-0000-000000014661,OTHERS,2159.9755473199766,818.0498875737386,PIT
315971001.7104081,00000000-0000-0000-0000-000000014364,OTHERS,2181.397741204139,835.9450425486365,PIT
315971001.7104081,00000000-0000-0000-0000-000000014617,OTHERS,2180.38849972335,827.784453467485,PIT
315971001.7104081,00000000-0000-0000-0000-000000014669,OTHERS,2176.554283853966,832.6414231448648,PIT
315971001.7104081,00000000-0000-0000-0000-000000014684,OTHERS,2156.643599158466,809.4112073653745,PIT
315971001.7104081,00000000-0000-0000-0000-000000014789,OTHERS,2087.2496677562044,761.838830631814,PIT
315971001.7104081,00000000-0000-0000-0000-000000014129,OTHERS,2186.535158257025,839.9965860324901,PIT
315971001.7104081,00000000-0000-0000-0000-000000014762,OTHERS,2179.663270558432,830.7241897520928,PIT
315971001.7104081,00000000-0000-0000-0000-000000014723,OTHERS,2222.4372237768134,863.3599639692403,PIT
315971001.7104081,00000000-0000-0000-0000-000000014692,OTHERS,2170.938002510677,828.4643163235272,PIT
315971001.7104081,00000000-0000-0000-0000-000000014691,OTHERS,2187.425340108572,834.4055102815945,PIT
315971001.7104081,00000000-0000-0000-0000-000000014676,OTHERS,2177.350219639783,837.0666424636273,PIT
315971001.7104081,00000000-0000-0000-0000-000000014751,AGENT,2152.146211964386,812.0866209999506,PIT
315971001.7104081,00000000-0000-0000-0000-000000014787,OTHERS,2148.175033991106,796.7142760742787,PIT
315971001.7104081,00000000-0000-0000-0000-000000014708,OTHERS,2165.7805052990034,823.9983809651027,PIT
315971001.7104081,00000000-0000-0000-0000-000000014685,OTHERS,2192.9045668975546,838.3695111667025,PIT
315971001.7104081,00000000-0000-0000-0000-000000014686,OTHERS,2183.344694619464,841.8078913050107,PIT
315971001.820921,00000000-0000-0000-0000-000000000000,AV,2169.288648187649,820.9373775318553,PIT
315971001.820921,00000000-0000-0000-0000-000000014129,OTHERS,2186.8471575134304,840.6736397137936,PIT
315971001.820921,00000000-0000-0000-0000-000000014661,OTHERS,2159.600624497678,817.7087059802118,PIT
315971001.820921,00000000-0000-0000-0000-000000014364,OTHERS,2181.3010348453777,835.8914169335382,PIT
315971001.820921,00000000-0000-0000-0000-000000014811,OTHERS,2186.7414365649825,845.0875049266153,PIT
315971001.820921,00000000-0000-0000-0000-000000014669,OTHERS,2176.389351284596,832.4589650729677,PIT
315971001.820921,00000000-0000-0000-0000-000000014676,OTHERS,2177.2945571470536,837.1132623354547,PIT
315971001.820921,00000000-0000-0000-0000-000000014762,OTHERS,2178.945617120869,830.0972965108995,PIT
315971001.820921,00000000-0000-0000-0000-000000014691,OTHERS,2187.826328219256,834.6699460161195,PIT
315971001.820921,00000000-0000-0000-0000-000000014789,OTHERS,2087.2496677562044,761.838830631814,PIT
315971001.820921,00000000-0000-0000-0000-000000014723,OTHERS,2222.76914740552,863.4130482170505,PIT
315971001.820921,00000000-0000-0000-0000-000000014684,OTHERS,2156.2244139158565,808.8870001057196,PIT
315971001.820921,00000000-0000-0000-0000-000000014692,OTHERS,2170.8808163054446,828.3649472420982,PIT
315971001.820921,00000000-0000-0000-0000-000000014751,AGENT,2151.499261197166,811.491926020489,PIT
315971001.820921,00000000-0000-0000-0000-000000014787,OTHERS,2147.871982864065,796.4054171455075,PIT
315971001.820921,00000000-0000-0000-0000-000000014617,OTHERS,2180.223382063464,827.691467704238,PIT
315971001.820921,00000000-0000-0000-0000-000000014686,OTHERS,2183.254808384132,841.7854838986943,PIT
315971001.820921,00000000-0000-0000-0000-000000014708,OTHERS,2165.6976563778444,823.970948522792,PIT
315971001.820921,00000000-0000-0000-0000-000000014685,OTHERS,2193.1023634855887,838.57748921142,PIT
315971001.9268055,00000000-0000-0000-0000-000000000000,AV,2169.1960717255065,820.8410511036882,PIT
315971001.9268055,00000000-0000-0000-0000-000000014129,OTHERS,2186.8452795737294,840.7155970491855,PIT
315971001.9268055,00000000-0000-0000-0000-000000014661,OTHERS,2159.385364583466,817.5260566365997,PIT
315971001.9268055,00000000-0000-0000-0000-000000014364,OTHERS,2181.2009983992425,835.8263577350737,PIT
315971001.9268055,00000000-0000-0000-0000-000000014811,OTHERS,2186.7313942780042,845.1245802657753,PIT
315971001.9268055,00000000-0000-0000-0000-000000014669,OTHERS,2176.4525428388392,832.5322105973203,PIT
315971001.9268055,00000000-0000-0000-0000-000000014691,OTHERS,2187.8780028061055,834.7024317391748,PIT
315971001.9268055,00000000-0000-0000-0000-000000014676,OTHERS,2177.308797859897,837.0574266633722,PIT
315971001.9268055,00000000-0000-0000-0000-000000014762,OTHERS,2178.595634853932,829.8051242025409,PIT
315971001.9268055,00000000-0000-0000-0000-000000014787,OTHERS,2147.7131978704015,796.2712057629857,PIT
315971001.9268055,00000000-0000-0000-0000-000000014751,AGENT,2151.2419002407864,811.2040873428418,PIT
315971001.9268055,00000000-0000-0000-0000-000000014692,OTHERS,2170.8973400654995,828.3741178444742,PIT
315971001.9268055,00000000-0000-0000-0000-000000014723,OTHERS,2222.654968092657,863.3274433631424,PIT
315971001.9268055,00000000-0000-0000-0000-000000014617,OTHERS,2180.3136700658747,827.7397111167166,PIT
315971001.9268055,00000000-0000-0000-0000-000000014816,OTHERS,2178.0327249122856,839.2026738919957,PIT
315971001.9268055,00000000-0000-0000-0000-000000014686,OTHERS,2183.2443671030733,841.7514458357895,PIT
315971001.9268055,00000000-0000-0000-0000-000000014708,OTHERS,2165.6653227360493,823.953643108606,PIT
315971001.9268055,00000000-0000-0000-0000-000000014685,OTHERS,2193.018561509225,838.5848131835794,PIT
315971001.9268055,00000000-0000-0000-0000-000000014684,OTHERS,2156.0452100450157,808.6371501530311,PIT
315971002.0301712,00000000-0000-0000-0000-000000000000,AV,2169.09809586566,820.7394637055041,PIT
315971002.0301712,00000000-0000-0000-0000-000000014129,OTHERS,2186.8452795737294,840.7155970491855,PIT
315971002.0301712,00000000-0000-0000-0000-000000014661,OTHERS,2159.155542656486,817.3281875599022,PIT
315971002.0301712,00000000-0000-0000-0000-000000014364,OTHERS,2181.1437859845546,835.7867542787459,PIT
315971002.0301712,00000000-0000-0000-0000-000000014811,OTHERS,2186.7623764874434,845.1483800789581,PIT
315971002.0301712,00000000-0000-0000-0000-000000014762,OTHERS,2178.242695008144,829.5169104148636,PIT
315971002.0301712,00000000-0000-0000-0000-000000014723,OTHERS,2222.6035840376167,863.2838119949257,PIT
315971002.0301712,00000000-0000-0000-0000-000000014751,AGENT,2150.9243447716335,810.8945302031732,PIT
315971002.0301712,00000000-0000-0000-0000-000000014787,OTHERS,2147.535013984275,796.121793068494,PIT
315971002.0301712,00000000-0000-0000-0000-000000014692,OTHERS,2170.8828569869274,828.3972123068908,PIT
315971002.0301712,00000000-0000-0000-0000-000000014617,OTHERS,2180.2677764539912,827.7238435171713,PIT
315971002.0301712,00000000-0000-0000-0000-000000014816,OTHERS,2178.0763032526197,839.1851838009294,PIT
315971002.0301712,00000000-0000-0000-0000-000000014686,OTHERS,2183.2449680805757,841.7874308182107,PIT
315971002.0301712,00000000-0000-0000-0000-000000014708,OTHERS,2165.585253595864,823.6725035729121,PIT
315971002.0301712,00000000-0000-0000-0000-000000014685,OTHERS,2193.0646848531023,838.5275738097043,PIT
315971002.0301712,00000000-0000-0000-0000-000000014691,OTHERS,2187.855428415169,834.6947748987262,PIT
315971002.0301712,00000000-0000-0000-0000-000000014676,OTHERS,2177.330199478576,837.170106690579,PIT
315971002.0301712,00000000-0000-0000-0000-000000014684,OTHERS,2155.794067065117,808.315887903695,PIT
315971002.0301712,00000000-0000-0000-0000-000000014669,OTHERS,2176.431319591985,832.5144429302309,PIT
315971002.13453376,00000000-0000-0000-0000-000000000000,AV,2168.995905456126,820.6339653868013,PIT
315971002.13453376,00000000-0000-0000-0000-000000014129,OTHERS,2186.8452795737294,840.7155970491855,PIT
315971002.13453376,00000000-0000-0000-0000-000000014661,OTHERS,2158.920677853125,817.1500209990375,PIT
315971002.13453376,00000000-0000-0000-0000-000000014364,OTHERS,2181.14394460715,835.7918434085608,PIT
315971002.13453376,00000000-0000-0000-0000-000000014811,OTHERS,2186.7954528502187,845.1885202902415,PIT
315971002.13453376,00000000-0000-0000-0000-000000014762,OTHERS,2177.9016483843134,829.2389717909692,PIT
315971002.13453376,00000000-0000-0000-0000-000000014723,OTHERS,2222.2700157224776,863.406028691508,PIT
315971002.13453376,00000000-0000-0000-0000-000000014751,AGENT,2150.5194482069614,810.5485251967419,PIT
315971002.13453376,00000000-0000-0000-0000-000000014787,OTHERS,2147.416252904931,796.0149779935931,PIT
315971002.13453376,00000000-0000-0000-0000-000000014692,OTHERS,2170.903817636279,828.3911860631149,PIT
315971002.13453376,00000000-0000-0000-0000-000000014617,OTHERS,2180.3513782531904,827.7691386806258,PIT
315971002.13453376,00000000-0000-0000-0000-000000014816,OTHERS,2177.9843179004347,838.9459479510213,PIT
315971002.13453376,00000000-0000-0000-0000-000000014686,OTHERS,2183.2816789106864,841.7475195532968,PIT
315971002.13453376,00000000-0000-0000-0000-000000014708,OTHERS,2165.538247562357,823.6073786000494,PIT
315971002.13453376,00000000-0000-0000-0000-000000014685,OTHERS,2193.0387718758434,838.5161597622722,PIT
315971002.13453376,00000000-0000-0000-0000-000000014691,OTHERS,2187.8795552234533,834.7151049421492,PIT
315971002.13453376,00000000-0000-0000-0000-000000014676,OTHERS,2177.272923707654,837.1327805961124,PIT
315971002.13453376,00000000-0000-0000-0000-000000014684,OTHERS,2155.5608274808833,807.9624028461394,PIT
315971002.13453376,00000000-0000-0000-0000-000000014669,OTHERS,2176.428898632876,832.545476378759,PIT
315971002.23459256,00000000-0000-0000-0000-000000000000,AV,2168.8676957353564,820.5023492279507,PIT
315971002.23459256,00000000-0000-0000-0000-000000014129,OTHERS,2186.8452795737294,840.7155970491855,PIT
315971002.23459256,00000000-0000-0000-0000-000000014661,OTHERS,2158.6538525166084,816.907700535362,PIT
315971002.23459256,00000000-0000-0000-0000-000000014364,OTHERS,2181.202211431192,835.835445210049,PIT
315971002.23459256,00000000-0000-0000-0000-000000014708,OTHERS,2165.430383275207,823.5324852198597,PIT
315971002.23459256,00000000-0000-0000-0000-000000014685,OTHERS,2193.1111864877184,838.5339702750681,PIT
315971002.23459256,00000000-0000-0000-0000-000000014686,OTHERS,2183.288923662176,841.7937624637508,PIT
315971002.23459256,00000000-0000-0000-0000-000000014762,OTHERS,2177.591527956993,828.9657303005282,PIT
315971002.23459256,00000000-0000-0000-0000-000000014723,OTHERS,2222.4307540892,863.3401954515928,PIT
315971002.23459256,00000000-0000-0000-0000-000000014811,OTHERS,2186.7991899715976,845.1856862732657,PIT
315971002.23459256,00000000-0000-0000-0000-000000014751,AGENT,2150.077377546799,810.2032459362451,PIT
315971002.23459256,00000000-0000-0000-0000-000000014787,OTHERS,2147.2015018645056,795.8753152733236,PIT
315971002.23459256,00000000-0000-0000-0000-000000014692,OTHERS,2170.929427473299,828.4518752264279,PIT
315971002.23459256,00000000-0000-0000-0000-000000014691,OTHERS,2187.592251345512,834.5939153173576,PIT
315971002.23459256,00000000-0000-0000-0000-000000014676,OTHERS,2177.278228913465,837.0696129071381,PIT
315971002.23459256,00000000-0000-0000-0000-000000014684,OTHERS,2155.3696101271785,807.6409574515277,PIT
315971002.23459256,00000000-0000-0000-0000-000000014669,OTHERS,2176.436097868365,832.517301680323,PIT
315971002.23459256,00000000-0000-0000-0000-000000014818,OTHERS,2132.0253767146564,818.6981568275933,PIT
315971002.23459256,00000000-0000-0000-0000-000000014816,OTHERS,2178.0240358126002,839.1422889208542,PIT
315971002.23459256,00000000-0000-0000-0000-000000014617,OTHERS,2180.319983859043,827.7385937868323,PIT
315971002.33989114,00000000-0000-0000-0000-000000000000,AV,2168.7433711359968,820.3743926953862,PIT
315971002.33989114,00000000-0000-0000-0000-000000014661,OTHERS,2158.4037576474398,816.7012791032319,PIT
315971002.33989114,00000000-0000-0000-0000-000000014708,OTHERS,2165.30535571283,823.4390357935788,PIT
315971002.33989114,00000000-0000-0000-0000-000000014685,OTHERS,2193.1151669020755,838.6391940261607,PIT
315971002.33989114,00000000-0000-0000-0000-000000014692,OTHERS,2170.882208116704,828.3481881730606,PIT
315971002.33989114,00000000-0000-0000-0000-000000014762,OTHERS,2177.3048650157502,828.6867867608968,PIT
315971002.33989114,00000000-0000-0000-0000-000000014723,OTHERS,2222.5247489655053,863.3499496505988,PIT
315971002.33989114,00000000-0000-0000-0000-000000014811,OTHERS,2186.8638070280103,845.3031588260145,PIT
315971002.33989114,00000000-0000-0000-0000-000000014751,AGENT,2149.783068087645,809.8812362924557,PIT
315971002.33989114,00000000-0000-0000-0000-000000014787,OTHERS,2147.1110024308573,795.729036935823,PIT
315971002.33989114,00000000-0000-0000-0000-000000014691,OTHERS,2187.592251345512,834.5939153173576,PIT
315971002.33989114,00000000-0000-0000-0000-000000014676,OTHERS,2177.294867539391,837.1317991578767,PIT
315971002.33989114,00000000-0000-0000-0000-000000014686,OTHERS,2183.2853819136067,841.7199817343002,PIT
315971002.33989114,00000000-0000-0000-0000-000000014684,OTHERS,2155.215603716768,807.3579910893665,PIT
315971002.33989114,00000000-0000-0000-0000-000000014669,OTHERS,2176.4370158809734,832.5063494928023,PIT
315971002.33989114,00000000-0000-0000-0000-000000014818,OTHERS,2132.36165399244,818.5986668668824,PIT
315971002.33989114,00000000-0000-0000-0000-000000014617,OTHERS,2180.267728755713,827.704421980949,PIT
315971002.33989114,00000000-0000-0000-0000-000000014364,OTHERS,2181.1329652603526,835.8261223257443,PIT
315971002.44721466,00000000-0000-0000-0000-000000000000,AV,2168.5899739117394,820.2174428851113,PIT
315971002.44721466,00000000-0000-0000-0000-000000014661,OTHERS,2158.1528457870813,816.4738574896294,PIT
315971002.44721466,00000000-0000-0000-0000-000000014708,OTHERS,2165.167988465901,823.566625848679,PIT
315971002.44721466,00000000-0000-0000-0000-000000014685,OTHERS,2192.623785412244,838.3247264139898,PIT
315971002.44721466,00000000-0000-0000-0000-000000014692,OTHERS,2170.8369167844385,828.3764816279573,PIT
315971002.44721466,00000000-0000-0000-0000-000000014762,OTHERS,2176.9963523145134,828.4315974798068,PIT
315971002.44721466,00000000-0000-0000-0000-000000014723,OTHERS,2222.4089743820887,863.5051116759047,PIT
315971002.44721466,00000000-0000-0000-0000-000000014811,OTHERS,2186.746695090972,845.1411158668127,PIT
315971002.44721466,00000000-0000-0000-0000-000000014751,AGENT,2149.4506938898826,809.554967555302,PIT
315971002.44721466,00000000-0000-0000-0000-000000014787,OTHERS,2146.9728708213734,795.6767070645453,PIT
315971002.44721466,00000000-0000-0000-0000-000000014691,OTHERS,2187.592251345512,834.5939153173576,PIT
315971002.44721466,00000000-0000-0000-0000-000000014676,OTHERS,2177.3454969083896,837.1770217912754,PIT
315971002.44721466,00000000-0000-0000-0000-000000014686,OTHERS,2183.2936108543736,841.7640688841948,PIT
315971002.44721466,00000000-0000-0000-0000-000000014684,OTHERS,2155.0223649489058,807.0142350430232,PIT
315971002.44721466,00000000-0000-0000-0000-000000014669,OTHERS,2176.429555701124,832.50588202644,PIT
315971002.44721466,00000000-0000-0000-0000-000000014818,OTHERS,2132.4396607939925,818.8080479701297,PIT
315971002.44721466,00000000-0000-0000-0000-000000014617,OTHERS,2180.274857059653,827.757539906069,PIT
315971002.44721466,00000000-0000-0000-0000-000000014364,OTHERS,2180.973271424669,835.72970485809,PIT
315971002.54760534,00000000-0000-0000-0000-000000000000,AV,2168.4292548252442,820.0529748308604,PIT
315971002.54760534,00000000-0000-0000-0000-000000014661,OTHERS,2157.875282496177,816.2478763502193,PIT
315971002.54760534,00000000-0000-0000-0000-000000014364,OTHERS,2181.0660784826464,835.7992043622037,PIT
315971002.54760534,00000000-0000-0000-0000-000000014708,OTHERS,2165.05212399736,823.4437125962756,PIT
315971002.54760534,00000000-0000-0000-0000-000000014685,OTHERS,2193.084008625608,838.6647745342682,PIT
315971002.54760534,00000000-0000-0000-0000-000000014762,OTHERS,2176.723512109152,828.14327515429,PIT
315971002.54760534,00000000-0000-0000-0000-000000014723,OTHERS,2222.414003834726,863.4500231885355,PIT
315971002.54760534,00000000-0000-0000-0000-000000014811,OTHERS,2186.778534139448,845.1376254912186,PIT
315971002.54760534,00000000-0000-0000-0000-000000014751,AGENT,2149.015598608821,809.2044132052071,PIT
315971002.54760534,00000000-0000-0000-0000-000000014787,OTHERS,2146.9319736678885,795.4932662416496,PIT
315971002.54760534,00000000-0000-0000-0000-000000014692,OTHERS,2170.8376126519793,828.3628440027327,PIT
315971002.54760534,00000000-0000-0000-0000-000000014691,OTHERS,2188.0265823215495,834.7923571020247,PIT
315971002.54760534,00000000-0000-0000-0000-000000014676,OTHERS,2177.2829213719738,837.1518069676814,PIT
315971002.54760534,00000000-0000-0000-0000-000000014686,OTHERS,2183.3171087455707,841.7032449444299,PIT
315971002.54760534,00000000-0000-0000-0000-000000014684,OTHERS,2154.8415008942425,806.6383202355064,PIT
315971002.54760534,00000000-0000-0000-0000-000000014669,OTHERS,2176.3988290049538,832.4644876707416,PIT
315971002.54760534,00000000-0000-0000-0000-000000014818,OTHERS,2132.3630403158104,818.4080132854452,PIT
315971002.54760534,00000000-0000-0000-0000-000000014617,OTHERS,2180.2285492592887,827.6840647305502,PIT
315971002.64996946,00000000-0000-0000-0000-000000000000,AV,2168.274396414744,819.8950787753511,PIT
315971002.64996946,00000000-0000-0000-0000-000000014661,OTHERS,2157.588020521102,815.9925129889943,PIT
315971002.64996946,00000000-0000-0000-0000-000000014364,OTHERS,2180.8933631432847,835.6557769765327,PIT
315971002.64996946,00000000-0000-0000-0000-000000014811,OTHERS,2186.7305049119323,845.1189347614163,PIT
315971002.64996946,00000000-0000-0000-0000-000000014762,OTHERS,2176.4500126299754,827.895089147237,PIT
315971002.64996946,00000000-0000-0000-0000-000000014723,OTHERS,2222.2820097070085,863.6966201510527,PIT
315971002.64996946,00000000-0000-0000-0000-000000014692,OTHERS,2170.819631604348,828.347005862726,PIT
315971002.64996946,00000000-0000-0000-0000-000000014751,AGENT,2148.6539408696663,808.8466357642578,PIT
315971002.64996946,00000000-0000-0000-0000-000000014787,OTHERS,2146.679770005794,795.250117462785,PIT
315971002.64996946,00000000-0000-0000-0000-000000014708,OTHERS,2164.8867758065962,823.3011569768292,PIT
315971002.64996946,00000000-0000-0000-0000-000000014685,OTHERS,2193.013719046723,838.5913104585443,PIT
315971002.64996946,00000000-0000-0000-0000-000000014691,OTHERS,2188.0265823215495,834.7923571020247,PIT
315971002.64996946,00000000-0000-0000-0000-000000014676,OTHERS,2177.306276811659,837.1310520542735,PIT
315971002.64996946,00000000-0000-0000-0000-000000014686,OTHERS,2183.2441679263393,841.63834911718,PIT
315971002.64996946,00000000-0000-0000-0000-000000014684,OTHERS,2154.660145718698,806.2428710836929,PIT
315971002.64996946,00000000-0000-0000-0000-000000014669,OTHERS,2176.5125294972945,832.6766138347226,PIT
315971002.64996946,00000000-0000-0000-0000-000000014818,OTHERS,2132.595774573685,818.2878484848685,PIT
315971002.64996946,00000000-0000-0000-0000-000000014617,OTHERS,2180.202171607856,827.6709524725898,PIT
315971002.7513445,00000000-0000-0000-0000-000000000000,AV,2168.085648186285,819.7049848334183,PIT
315971002.7513445,00000000-0000-0000-0000-000000014661,OTHERS,2157.3166102019063,815.7674726924298,PIT
315971002.7513445,00000000-0000-0000-0000-000000014364,OTHERS,2180.830346915052,835.6479934868486,PIT
315971002.7513445,00000000-0000-0000-0000-000000014811,OTHERS,2186.7305049119323,845.1189347614163,PIT
315971002.7513445,00000000-0000-0000-0000-000000014617,OTHERS,2180.13360029611,827.5647124742053,PIT
315971002.7513445,00000000-0000-0000-0000-000000014818,OTHERS,2132.622003953901,818.0165123451076,PIT
315971002.7513445,00000000-0000-0000-0000-000000014762,OTHERS,2176.2010379511094,827.6551788456285,PIT
315971002.7513445,00000000-0000-0000-0000-000000014787,OTHERS,2146.679770005794,795.250117462785,PIT
315971002.7513445,00000000-0000-0000-0000-000000014751,AGENT,2148.2568110582847,808.5314883748268,PIT
315971002.7513445,00000000-0000-0000-0000-000000014692,OTHERS,2170.7774130037124,828.3160680987329,PIT
315971002.7513445,00000000-0000-0000-0000-000000014723,OTHERS,2222.454786660665,863.4583793077737,PIT
315971002.7513445,00000000-0000-0000-0000-000000014708,OTHERS,2164.75319722038,823.1155716433722,PIT
315971002.7513445,00000000-0000-0000-0000-000000014685,OTHERS,2192.8620522262067,838.5380356382612,PIT
315971002.7513445,00000000-0000-0000-0000-000000014691,OTHERS,2188.0265823215495,834.7923571020247,PIT
315971002.7513445,00000000-0000-0000-0000-000000014676,OTHERS,2177.3458742730786,837.1454825719205,PIT
315971002.7513445,00000000-0000-0000-0000-000000014686,OTHERS,2183.016524077037,841.4469274942552,PIT
315971002.7513445,00000000-0000-0000-0000-000000014684,OTHERS,2154.5155516206837,805.8628677682259,PIT
315971002.7513445,00000000-0000-0000-0000-000000014669,OTHERS,2176.4658475107335,832.5528700698146,PIT
315971002.8551061,00000000-0000-0000-0000-000000000000,AV,2167.9106913517317,819.5291121492841,PIT
315971002.8551061,00000000-0000-0000-0000-000000014661,OTHERS,2157.027090563123,815.5041982247775,PIT
315971002.8551061,00000000-0000-0000-0000-000000014364,OTHERS,2180.8403803983388,835.641648095163,PIT
315971002.8551061,00000000-0000-0000-0000-000000014811,OTHERS,2186.7305049119323,845.1189347614163,PIT
315971002.8551061,00000000-0000-0000-0000-000000014617,OTHERS,2180.318232816523,827.7995795677542,PIT
315971002.8551061,00000000-0000-0000-0000-000000014818,OTHERS,2132.987195808542,817.7035728871283,PIT
315971002.8551061,00000000-0000-0000-0000-000000014762,OTHERS,2175.9411796641243,827.4070917982964,PIT
315971002.8551061,00000000-0000-0000-0000-000000014787,OTHERS,2146.4715648246424,795.1896546997115,PIT
315971002.8551061,00000000-0000-0000-0000-000000014751,AGENT,2147.7944696860945,808.1216161010324,PIT
315971002.8551061,00000000-0000-0000-0000-000000014692,OTHERS,2170.7293699899897,828.2831115838572,PIT
315971002.8551061,00000000-0000-0000-0000-000000014824,OTHERS,2108.442349905149,779.9522079963643,PIT
315971002.8551061,00000000-0000-0000-0000-000000014723,OTHERS,2222.409341748011,863.3529849529217,PIT
315971002.8551061,00000000-0000-0000-0000-000000014708,OTHERS,2164.565411547364,822.9957046763546,PIT
315971002.8551061,00000000-0000-0000-0000-000000014685,OTHERS,2192.776618683949,838.5107673356383,PIT
315971002.8551061,00000000-0000-0000-0000-000000014691,OTHERS,2188.0265823215495,834.7923571020247,PIT
315971002.8551061,00000000-0000-0000-0000-000000014676,OTHERS,2177.3632801598023,837.1722549127153,PIT
315971002.8551061,00000000-0000-0000-0000-000000014686,OTHERS,2183.312552104232,841.7357099014163,PIT
315971002.8551061,00000000-0000-0000-0000-000000014684,OTHERS,2154.3840719593554,805.5039599539616,PIT
315971002.8551061,00000000-0000-0000-0000-000000014669,OTHERS,2176.4442511737548,832.5808813548202,PIT
315971002.95842856,00000000-0000-0000-0000-000000000000,AV,2167.704866822197,819.3237342697961,PIT
315971002.95842856,00000000-0000-0000-0000-000000014661,OTHERS,2156.7293093633725,815.2368136194992,PIT
315971002.95842856,00000000-0000-0000-0000-000000014364,OTHERS,2180.7884246150197,835.6382643703357,PIT
315971002.95842856,00000000-0000-0000-0000-000000014811,OTHERS,2186.7305049119323,845.1189347614163,PIT
315971002.95842856,00000000-0000-0000-0000-000000014617,OTHERS,2180.3663495375745,827.8133733664612,PIT
315971002.95842856,00000000-0000-0000-0000-000000014762,OTHERS,2175.691570904324,827.170510300569,PIT
315971002.95842856,00000000-0000-0000-0000-000000014787,OTHERS,2146.349710464281,795.0117120696435,PIT
315971002.95842856,00000000-0000-0000-0000-000000014751,AGENT,2147.2626037400837,807.6689017442277,PIT
315971002.95842856,00000000-0000-0000-0000-000000014692,OTHERS,2170.641380929138,828.2096245963141,PIT
315971002.95842856,00000000-0000-0000-0000-000000014824,OTHERS,2108.630349827135,779.7767436480043,PIT
315971002.95842856,00000000-0000-0000-0000-000000014723,OTHERS,2222.4134692277908,863.4618554036342,PIT
315971002.95842856,00000000-0000-0000-0000-000000014708,OTHERS,2164.2795730533867,822.843663955751,PIT
315971002.95842856,00000000-0000-0000-0000-000000014685,OTHERS,2192.629994574563,838.4658724673254,PIT
315971002.95842856,00000000-0000-0000-0000-000000014686,OTHERS,2183.322440410899,841.7523937448218,PIT
315971002.95842856,00000000-0000-0000-0000-000000014676,OTHERS,2177.365035577377,837.1796610416527,PIT
315971002.95842856,00000000-0000-0000-0000-000000014684,OTHERS,2154.2385534189552,805.135176841381,PIT
315971002.95842856,00000000-0000-0000-0000-000000014669,OTHERS,2176.425255650579,832.51808960774,PIT
315971003.0618926,00000000-0000-0000-0000-000000000000,AV,2167.5083428119437,819.1292647381376,PIT
315971003.0618926,00000000-0000-0000-0000-000000014661,OTHERS,2156.428817421102,814.9699080275749,PIT
315971003.0618926,00000000-0000-0000-0000-000000014364,OTHERS,2180.6228332581154,835.5516182576308,PIT
315971003.0618926,00000000-0000-0000-0000-000000014617,OTHERS,2180.3548364770504,827.7983145329719,PIT
315971003.0618926,00000000-0000-0000-0000-000000014762,OTHERS,2175.441343718837,826.9332194229637,PIT
315971003.0618926,00000000-0000-0000-0000-000000014787,OTHERS,2146.1617692403643,794.8629760189611,PIT
315971003.0618926,00000000-0000-0000-0000-000000014751,AGENT,2146.8274755590314,807.3302431500699,PIT
315971003.0618926,00000000-0000-0000-0000-000000014824,OTHERS,2108.650827810109,779.7980908177992,PIT
315971003.0618926,00000000-0000-0000-0000-000000014708,OTHERS,2164.018330911632,822.3751785239214,PIT
315971003.0618926,00000000-0000-0000-0000-000000014685,OTHERS,2192.3058418737287,838.2247447083289,PIT
315971003.0618926,00000000-0000-0000-0000-000000014723,OTHERS,2222.370822465948,863.4350257788255,PIT
315971003.0618926,00000000-0000-0000-0000-000000014692,OTHERS,2170.598310353955,828.1519400686531,PIT
315971003.0618926,00000000-0000-0000-0000-000000014686,OTHERS,2183.5535771730083,841.8848582799617,PIT
315971003.0618926,00000000-0000-0000-0000-000000014676,OTHERS,2177.3371455655442,837.1359809154268,PIT
315971003.0618926,00000000-0000-0000-0000-000000014684,OTHERS,2154.080071599195,804.5533273787912,PIT
315971003.0618926,00000000-0000-0000-0000-000000014669,OTHERS,2176.4460503126597,832.5819472661285,PIT
315971003.1609402,00000000-0000-0000-0000-000000000000,AV,2167.276565515199,818.9028723594918,PIT
315971003.1609402,00000000-0000-0000-0000-000000014661,OTHERS,2156.1217159191992,814.700728504375,PIT
315971003.1609402,00000000-0000-0000-0000-000000014364,OTHERS,2180.769957762108,835.7052878491755,PIT
315971003.1609402,00000000-0000-0000-0000-000000014617,OTHERS,2180.2143403937353,827.6446726451906,PIT
315971003.1609402,00000000-0000-0000-0000-000000014723,OTHERS,2222.4423192275935,863.490994845755,PIT
315971003.1609402,00000000-0000-0000-0000-000000014762,OTHERS,2175.1869129825386,826.6887650551467,PIT
315971003.1609402,00000000-0000-0000-0000-000000014787,OTHERS,2146.1617692403643,794.8629760189611,PIT
315971003.1609402,00000000-0000-0000-0000-000000014751,AGENT,2146.4650495885007,806.9551664549363,PIT
315971003.1609402,00000000-0000-0000-0000-000000014708,OTHERS,2163.8115890260888,822.2154298963136,PIT
315971003.1609402,00000000-0000-0000-0000-000000014685,OTHERS,2191.872617499344,838.0262021263754,PIT
315971003.1609402,00000000-0000-0000-0000-000000014824,OTHERS,2108.4737579550265,779.9846675586828,PIT
315971003.1609402,00000000-0000-0000-0000-000000014692,OTHERS,2170.472831332848,828.0441350463379,PIT
315971003.1609402,00000000-0000-0000-0000-000000014686,OTHERS,2183.3706995102048,841.6904741248034,PIT
315971003.1609402,00000000-0000-0000-0000-000000014676,OTHERS,2177.3598791567497,837.1681518909088,PIT
315971003.1609402,00000000-0000-0000-0000-000000014684,OTHERS,2154.005174389012,804.1351131767842,PIT
315971003.1609402,00000000-0000-0000-0000-000000014669,OTHERS,2176.405557486351,832.5272731797569,PIT
315971003.26313764,00000000-0000-0000-0000-000000000000,AV,2167.0622948714044,818.6941860108708,PIT
315971003.26313764,00000000-0000-0000-0000-000000014661,OTHERS,2155.810949406603,814.4305752818871,PIT
315971003.26313764,00000000-0000-0000-0000-000000014364,OTHERS,2180.5777545414794,835.4254579206591,PIT
315971003.26313764,00000000-0000-0000-0000-000000014723,OTHERS,2222.489844947193,863.5921446720561,PIT
315971003.26313764,00000000-0000-0000-0000-000000014762,OTHERS,2174.961754333628,826.4703577489148,PIT
315971003.26313764,00000000-0000-0000-0000-000000014787,OTHERS,2146.1617692403643,794.8629760189611,PIT
315971003.26313764,00000000-0000-0000-0000-000000014751,AGENT,2146.081846615219,806.6101131428686,PIT
315971003.26313764,00000000-0000-0000-0000-000000014708,OTHERS,2163.568394207275,822.0026374689944,PIT
315971003.26313764,00000000-0000-0000-0000-000000014685,OTHERS,2191.872617499344,838.0262021263754,PIT
315971003.26313764,00000000-0000-0000-0000-000000014824,OTHERS,2108.573118603359,779.8895381577169,PIT
315971003.26313764,00000000-0000-0000-0000-000000014692,OTHERS,2170.451769100548,828.1046090131717,PIT
315971003.26313764,00000000-0000-0000-0000-000000014686,OTHERS,2183.3597917442385,841.8036409438955,PIT
315971003.26313764,00000000-0000-0000-0000-000000014828,OTHERS,2188.5263284945727,729.6802118784552,PIT
315971003.26313764,00000000-0000-0000-0000-000000014676,OTHERS,2177.341706380539,837.1695671130102,PIT
315971003.26313764,00000000-0000-0000-0000-000000014684,OTHERS,2153.8843726100213,803.6089117902263,PIT
315971003.26313764,00000000-0000-0000-0000-000000014669,OTHERS,2176.4804978046673,832.6014176274333,PIT
315971003.26313764,00000000-0000-0000-0000-000000014617,OTHERS,2180.212319259405,827.7183904990851,PIT
315971003.364474,00000000-0000-0000-0000-000000000000,AV,2166.8150260386856,818.4560324823781,PIT
315971003.364474,00000000-0000-0000-0000-000000014661,OTHERS,2155.466902002557,814.1393678253564,PIT
315971003.364474,00000000-0000-0000-0000-000000014827,OTHERS,2087.298960236952,761.7346332839809,PIT
315971003.364474,00000000-0000-0000-0000-000000014708,OTHERS,2163.3052578250645,821.7957302192424,PIT
315971003.364474,00000000-0000-0000-0000-000000014685,OTHERS,2191.872617499344,838.0262021263754,PIT
315971003.364474,00000000-0000-0000-0000-000000014723,OTHERS,2222.5115258501555,863.5653043373102,PIT
315971003.364474,00000000-0000-0000-0000-000000014762,OTHERS,2174.7171593390867,826.230280593126,PIT
315971003.364474,00000000-0000-0000-0000-000000014751,AGENT,2145.533865293815,806.1095325907727,PIT
315971003.364474,00000000-0000-0000-0000-000000014669,OTHERS,2176.3634022489773,832.4898250322432,PIT
315971003.364474,00000000-0000-0000-0000-000000014824,OTHERS,2108.6513344697696,779.8392960020813,PIT
315971003.364474,00000000-0000-0000-0000-000000014692,OTHERS,2170.480003558013,828.2003963360631,PIT
315971003.364474,00000000-0000-0000-0000-000000014686,OTHERS,2183.3086758268873,841.7849574577805,PIT
315971003.364474,00000000-0000-0000-0000-000000014828,OTHERS,2188.5400243597674,729.6217742178708,PIT
315971003.364474,00000000-0000-0000-0000-000000014364,OTHERS,2180.428242779944,835.3487575107051,PIT
315971003.364474,00000000-0000-0000-0000-000000014676,OTHERS,2177.3140734290077,837.1349663563568,PIT
315971003.364474,00000000-0000-0000-0000-000000014684,OTHERS,2153.8246741933467,803.4626019876802,PIT
315971003.364474,00000000-0000-0000-0000-000000014617,OTHERS,2180.298256937576,827.7643113697226,PIT
315971003.4651282,00000000-0000-0000-0000-000000000000,AV,2166.5861136642925,818.2374980207353,PIT
315971003.4651282,00000000-0000-0000-0000-000000014661,OTHERS,2155.134830319028,813.8496847432532,PIT
315971003.4651282,00000000-0000-0000-0000-000000014827,OTHERS,2087.2740155429315,761.7818463433911,PIT
315971003.4651282,00000000-0000-0000-0000-000000014708,OTHERS,2163.064570236673,821.630936799368,PIT
315971003.4651282,00000000-0000-0000-0000-000000014685,OTHERS,2192.9045954911717,838.6001952910577,PIT
315971003.4651282,00000000-0000-0000-0000-000000014723,OTHERS,2222.6167056487952,863.4832087418158,PIT
315971003.4651282,00000000-0000-0000-0000-000000014762,OTHERS,2174.480922731137,826.0081736693531,PIT
315971003.4651282,00000000-0000-0000-0000-000000014751,AGENT,2145.0576138410547,805.7022405539702,PIT
315971003.4651282,00000000-0000-0000-0000-000000014669,OTHERS,2176.3061506991503,832.4817598008477,PIT
315971003.4651282,00000000-0000-0000-0000-000000014824,OTHERS,2108.6969731263166,779.6591664185092,PIT
315971003.4651282,00000000-0000-0000-0000-000000014692,OTHERS,2170.293438643962,827.9574206858972,PIT
315971003.4651282,00000000-0000-0000-0000-000000014686,OTHERS,2183.3170571994133,841.7716880501167,PIT
315971003.4651282,00000000-0000-0000-0000-000000014828,OTHERS,2188.566018504352,729.7907183688937,PIT
315971003.4651282,00000000-0000-0000-0000-000000014364,OTHERS,2180.5467372700086,835.5415075178383,PIT
315971003.4651282,00000000-0000-0000-0000-000000014676,OTHERS,2177.331685650221,837.1600354635073,PIT
315971003.4651282,00000000-0000-0000-0000-000000014684,OTHERS,2153.737994338753,803.0787387565732,PIT
315971003.4651282,00000000-0000-0000-0000-000000014617,OTHERS,2180.2573138625753,827.7282037656418,PIT
315971003.5647589,00000000-0000-0000-0000-000000000000,AV,2166.344950085033,818.0104195424208,PIT
315971003.5647589,00000000-0000-0000-0000-000000014661,OTHERS,2154.8565340971127,813.5936654851305,PIT
315971003.5647589,00000000-0000-0000-0000-000000014827,OTHERS,2087.2740155429315,761.7818463433911,PIT
315971003.5647589,00000000-0000-0000-0000-000000014708,OTHERS,2162.786849743617,821.4053681063052,PIT
315971003.5647589,00000000-0000-0000-0000-000000014685,OTHERS,2192.9045954911717,838.6001952910577,PIT
315971003.5647589,00000000-0000-0000-0000-000000014723,OTHERS,2222.289374740921,863.3459846725688,PIT
315971003.5647589,00000000-0000-0000-0000-000000014762,OTHERS,2174.230095704374,825.7650678731337,PIT
315971003.5647589,00000000-0000-0000-0000-000000014751,AGENT,2144.7332045638777,805.5597612680149,PIT
315971003.5647589,00000000-0000-0000-0000-000000014669,OTHERS,2176.2995209329033,832.4586148909857,PIT
315971003.5647589,00000000-0000-0000-0000-000000014824,OTHERS,2108.4705081627085,779.982646599414,PIT
315971003.5647589,00000000-0000-0000-0000-000000014692,OTHERS,2170.2196247882266,827.8941224370755,PIT
315971003.5647589,00000000-0000-0000-0000-000000014686,OTHERS,2183.073274210819,841.5852884983037,PIT
315971003.5647589,00000000-0000-0000-0000-000000014828,OTHERS,2188.566018504352,729.7907183688937,PIT
315971003.5647589,00000000-0000-0000-0000-000000014364,OTHERS,2180.5493813300554,835.5433754524128,PIT
315971003.5647589,00000000-0000-0000-0000-000000014676,OTHERS,2177.299651945335,837.0440362669858,PIT
315971003.5647589,00000000-0000-0000-0000-000000014684,OTHERS,2153.7392062948907,802.1289794595664,PIT
315971003.5647589,00000000-0000-0000-0000-000000014617,OTHERS,2180.2412713593126,827.7150048014375,PIT
315971003.66863674,00000000-0000-0000-0000-000000000000,AV,2166.077887108177,817.7578210053337,PIT
315971003.66863674,00000000-0000-0000-0000-000000014661,OTHERS,2154.4940985511644,813.2753489468132,PIT
315971003.66863674,00000000-0000-0000-0000-000000014827,OTHERS,2087.2740155429315,761.7818463433911,PIT
315971003.66863674,00000000-0000-0000-0000-000000014708,OTHERS,2162.5353451454334,821.0930174781299,PIT
315971003.66863674,00000000-0000-0000-0000-000000014685,OTHERS,2192.9045954911717,838.6001952910577,PIT
315971003.66863674,00000000-0000-0000-0000-000000014723,OTHERS,2222.363033418627,863.2601618302284,PIT
315971003.66863674,00000000-0000-0000-0000-000000014762,OTHERS,2174.0068508804784,825.529724732449,PIT
315971003.66863674,00000000-0000-0000-0000-000000014751,AGENT,2144.124908900261,804.9621389607937,PIT
315971003.66863674,00000000-0000-0000-0000-000000014669,OTHERS,2176.254646088669,832.4370253203767,PIT
315971003.66863674,00000000-0000-0000-0000-000000014824,OTHERS,2108.4705081627085,779.982646599414,PIT
315971003.66863674,00000000-0000-0000-0000-000000014692,OTHERS,2170.1433388320693,827.8285098742235,PIT
315971003.66863674,00000000-0000-0000-0000-000000014686,OTHERS,2183.193440701644,841.6906609766936,PIT
315971003.66863674,00000000-0000-0000-0000-000000014828,OTHERS,2188.566018504352,729.7907183688937,PIT
315971003.66863674,00000000-0000-0000-0000-000000014364,OTHERS,2180.5600873834665,835.5915417578224,PIT
315971003.66863674,00000000-0000-0000-0000-000000014676,OTHERS,2177.351748523141,837.1559163157217,PIT
315971003.66863674,00000000-0000-0000-0000-000000014684,OTHERS,2153.7103647579893,801.6503562960731,PIT
315971003.66863674,00000000-0000-0000-0000-000000014617,OTHERS,2180.2007661732127,827.6254130542981,PIT
315971003.7718365,00000000-0000-0000-0000-000000000000,AV,2165.8219152262227,817.5261784664576,PIT
315971003.7718365,00000000-0000-0000-0000-000000014661,OTHERS,2154.148969470992,812.9898449764172,PIT
315971003.7718365,00000000-0000-0000-0000-000000014827,OTHERS,2086.5955745849387,761.7457843238684,PIT
315971003.7718365,00000000-0000-0000-0000-000000014708,OTHERS,2162.1437664667574,820.8479108987773,PIT
315971003.7718365,00000000-0000-0000-0000-000000014685,OTHERS,2192.9045954911717,838.6001952910577,PIT
315971003.7718365,00000000-0000-0000-0000-000000014723,OTHERS,2222.358902670441,863.4381236593988,PIT
315971003.7718365,00000000-0000-0000-0000-000000014762,OTHERS,2173.777717123599,825.3074480874417,PIT
315971003.7718365,00000000-0000-0000-0000-000000014751,AGENT,2143.8185277181246,804.6791788355016,PIT
315971003.7718365,00000000-0000-0000-0000-000000014669,OTHERS,2176.1801050758368,832.3741054480214,PIT
315971003.7718365,00000000-0000-0000-0000-000000014818,OTHERS,2134.762866816253,816.2164406490213,PIT
315971003.7718365,00000000-0000-0000-0000-000000014824,OTHERS,2108.4705081627085,779.982646599414,PIT
315971003.7718365,00000000-0000-0000-0000-000000014692,OTHERS,2169.967281813701,827.6798101848777,PIT
315971003.7718365,00000000-0000-0000-0000-000000014686,OTHERS,2183.162924783083,841.5941156060826,PIT
315971003.7718365,00000000-0000-0000-0000-000000014828,OTHERS,2188.566018504352,729.7907183688937,PIT
315971003.7718365,00000000-0000-0000-0000-000000014364,OTHERS,2180.4725002846308,835.4878634528475,PIT
315971003.7718365,00000000-0000-0000-0000-000000014676,OTHERS,2177.3496377923425,837.1272449999104,PIT
315971003.7718365,00000000-0000-0000-0000-000000014684,OTHERS,2153.700940701534,801.1799191597291,PIT
315971003.7718365,00000000-0000-0000-0000-000000014617,OTHERS,2179.991399099238,827.3078329423582,PIT
315971003.8686759,00000000-0000-0000-0000-000000000000,AV,2165.5635890789495,817.2896528357625,PIT
315971003.8686759,00000000-0000-0000-0000-000000014661,OTHERS,2153.8010573793854,812.6483371613333,PIT
315971003.8686759,00000000-0000-0000-0000-000000014723,OTHERS,2222.2981980697127,863.3285412306901,PIT
315971003.8686759,00000000-0000-0000-0000-000000014762,OTHERS,2173.556874423456,825.0746048616368,PIT
315971003.8686759,00000000-0000-0000-0000-000000014751,AGENT,2143.278173256118,804.1366280227046,PIT
315971003.8686759,00000000-0000-0000-0000-000000014669,OTHERS,2176.0239377339826,832.2205838077873,PIT
315971003.8686759,00000000-0000-0000-0000-000000014818,OTHERS,2135.1964133870847,815.5433733661996,PIT
315971003.8686759,00000000-0000-0000-0000-000000014824,OTHERS,2108.4705081627085,779.982646599414,PIT
315971003.8686759,00000000-0000-0000-0000-000000014708,OTHERS,2161.832822451353,820.5507811646388,PIT
315971003.8686759,00000000-0000-0000-0000-000000014692,OTHERS,2169.840357024499,827.5510891434334,PIT
315971003.8686759,00000000-0000-0000-0000-000000014686,OTHERS,2183.001162261084,841.5079445618121,PIT
315971003.8686759,00000000-0000-0000-0000-000000014827,OTHERS,2086.5955745849387,761.7457843238684,PIT
315971003.8686759,00000000-0000-0000-0000-000000014676,OTHERS,2177.349999447581,837.1506824952129,PIT
315971003.8686759,00000000-0000-0000-0000-000000014684,OTHERS,2153.625863573416,800.5563343843887,PIT
315971003.8686759,00000000-0000-0000-0000-000000014617,OTHERS,2179.8614507851803,827.2430954860338,PIT
315971003.8686759,00000000-0000-0000-0000-000000014364,OTHERS,2180.3949388595706,835.4225560618074,PIT
315971003.9835066,00000000-0000-0000-0000-000000000000,AV,2165.24512464332,816.9978138971771,PIT
315971003.9835066,00000000-0000-0000-0000-000000014661,OTHERS,2153.422030829846,812.3409470333612,PIT
315971003.9835066,00000000-0000-0000-0000-000000014827,OTHERS,2086.5955745849387,761.7457843238684,PIT
315971003.9835066,00000000-0000-0000-0000-000000014364,OTHERS,2180.4769587979104,835.4504086870842,PIT
315971003.9835066,00000000-0000-0000-0000-000000014676,OTHERS,2177.359866384797,837.1529701055455,PIT
315971003.9835066,00000000-0000-0000-0000-000000014762,OTHERS,2173.3180112607024,824.8253161060878,PIT
315971003.9835066,00000000-0000-0000-0000-000000014751,AGENT,2142.7718172992513,803.8115869109242,PIT
315971003.9835066,00000000-0000-0000-0000-000000014669,OTHERS,2175.925261783976,832.1345326961607,PIT
315971003.9835066,00000000-0000-0000-0000-000000014818,OTHERS,2135.1456324445244,815.6246117598507,PIT
315971003.9835066,00000000-0000-0000-0000-000000014692,OTHERS,2169.680522351951,827.4750070974651,PIT
315971003.9835066,00000000-0000-0000-0000-000000014723,OTHERS,2222.3137039262624,863.2630861128292,PIT
315971003.9835066,00000000-0000-0000-0000-000000014686,OTHERS,2182.9682344896046,841.4930610953102,PIT
315971003.9835066,00000000-0000-0000-0000-000000014708,OTHERS,2161.4292422074373,820.2840408917949,PIT
315971003.9835066,00000000-0000-0000-0000-000000014684,OTHERS,2153.778102438686,800.1730595623383,PIT
315971003.9835066,00000000-0000-0000-0000-000000014617,OTHERS,2179.89867756831,827.2646224553653,PIT
315971004.117457,00000000-0000-0000-0000-000000000000,AV,2164.852086043193,816.6478617319278,PIT
315971004.117457,00000000-0000-0000-0000-000000014661,OTHERS,2153.0202461910017,811.9742466390079,PIT
315971004.117457,00000000-0000-0000-0000-000000014827,OTHERS,2086.5955745849387,761.7457843238684,PIT
315971004.117457,00000000-0000-0000-0000-000000014831,OTHERS,2159.7989700771273,820.4584280111038,PIT
315971004.117457,00000000-0000-0000-0000-000000014676,OTHERS,2177.354571672604,837.1112036020297,PIT
315971004.117457,00000000-0000-0000-0000-000000014762,OTHERS,2173.095390716229,824.6023055233184,PIT
315971004.117457,00000000-0000-0000-0000-000000014751,AGENT,2142.396447039648,803.4589729041055,PIT
315971004.117457,00000000-0000-0000-0000-000000014692,OTHERS,2169.493758862429,827.2973816269226,PIT
315971004.117457,00000000-0000-0000-0000-000000014723,OTHERS,2222.5075969711843,863.1343265433533,PIT
315971004.117457,00000000-0000-0000-0000-000000014686,OTHERS,2183.1131212789755,841.5181059720544,PIT
315971004.117457,00000000-0000-0000-0000-000000014708,OTHERS,2161.1407820659547,820.1584143506509,PIT
315971004.117457,00000000-0000-0000-0000-000000014684,OTHERS,2153.753723034156,799.5280572616431,PIT
315971004.117457,00000000-0000-0000-0000-000000014669,OTHERS,2175.835347196209,832.0799335627365,PIT
315971004.117457,00000000-0000-0000-0000-000000014818,OTHERS,2135.3286997596992,815.583144757033,PIT
315971004.117457,00000000-0000-0000-0000-000000014833,OTHERS,2186.834390331339,845.0885374917623,PIT
315971004.117457,00000000-0000-0000-0000-000000014617,OTHERS,2179.9354499013893,827.2861320291362,PIT
315971004.117457,00000000-0000-0000-0000-000000014364,OTHERS,2180.3539688048068,835.4053972313492,PIT
315971004.2453561,00000000-0000-0000-0000-000000000000,AV,2164.4753952075725,816.3158915574919,PIT
315971004.2453561,00000000-0000-0000-0000-000000014661,OTHERS,2152.2173455015954,811.2421312384079,PIT
315971004.2453561,00000000-0000-0000-0000-000000014364,OTHERS,2180.3591865113185,835.3548119121492,PIT
315971004.2453561,00000000-0000-0000-0000-000000014676,OTHERS,2177.2530185622127,836.9980853021751,PIT
315971004.2453561,00000000-0000-0000-0000-000000014762,OTHERS,2172.6249399697144,824.1192073665401,PIT
315971004.2453561,00000000-0000-0000-0000-000000014751,AGENT,2140.606886216885,801.7400415009929,PIT
315971004.2453561,00000000-0000-0000-0000-000000014834,OTHERS,2120.5255895996693,826.3142798882046,PIT
315971004.2453561,00000000-0000-0000-0000-000000014686,OTHERS,2183.0218629450437,841.5009730365874,PIT
315971004.2453561,00000000-0000-0000-0000-000000014617,OTHERS,2179.8929054571668,827.2121617612021,PIT
315971004.2453561,00000000-0000-0000-0000-000000014833,OTHERS,2186.883165858223,845.1098699954822,PIT
315971004.2453561,00000000-0000-0000-0000-000000014692,OTHERS,2169.1120216584927,827.0323780390581,PIT
315971004.2453561,00000000-0000-0000-0000-000000014684,OTHERS,2154.0456003973586,798.452872293464,PIT
315971004.2453561,00000000-0000-0000-0000-000000014723,OTHERS,2222.4879079655043,863.1154790823497,PIT
315971004.2453561,00000000-0000-0000-0000-000000014831,OTHERS,2159.361549930982,820.1119063679453,PIT
315971004.2453561,00000000-0000-0000-0000-000000014708,OTHERS,2160.5486543284574,819.648484036297,PIT
315971004.2453561,00000000-0000-0000-0000-000000014669,OTHERS,2175.4406091957576,831.7319051108708,PIT
315971004.2453561,00000000-0000-0000-0000-000000014818,OTHERS,2135.365786748177,815.6359403425989,PIT
315971004.3576704,00000000-0000-0000-0000-000000000000,AV,2164.142439212544,816.0239598250412,PIT
315971004.3576704,00000000-0000-0000-0000-000000014661,OTHERS,2151.782593183162,810.8797061753638,PIT
315971004.3576704,00000000-0000-0000-0000-000000014364,OTHERS,2180.3162567766194,835.3630421770064,PIT
315971004.3576704,00000000-0000-0000-0000-000000014676,OTHERS,2177.320710102925,837.1151460964246,PIT
315971004.3576704,00000000-0000-0000-0000-000000014762,OTHERS,2172.3918438232445,823.8774099462976,PIT
315971004.3576704,00000000-0000-0000-0000-000000014751,AGENT,2140.041120038456,801.1968122705235,PIT
315971004.3576704,00000000-0000-0000-0000-000000014834,OTHERS,2120.2283803413884,826.6119664297435,PIT
315971004.3576704,00000000-0000-0000-0000-000000014686,OTHERS,2183.0218629450437,841.5009730365874,PIT
315971004.3576704,00000000-0000-0000-0000-000000014617,OTHERS,2179.8781537676973,827.3279554712602,PIT
315971004.3576704,00000000-0000-0000-0000-000000014833,OTHERS,2186.883165858223,845.1098699954822,PIT
315971004.3576704,00000000-0000-0000-0000-000000014692,OTHERS,2168.8941691676628,826.8584841816696,PIT
315971004.3576704,00000000-0000-0000-0000-000000014684,OTHERS,2154.18992264877,797.8852966574636,PIT
315971004.3576704,00000000-0000-0000-0000-000000014723,OTHERS,2222.4879079655043,863.1154790823497,PIT
315971004.3576704,00000000-0000-0000-0000-000000014831,OTHERS,2159.071701144665,819.820646173318,PIT
315971004.3576704,00000000-0000-0000-0000-000000014708,OTHERS,2160.4204836556087,819.520312192646,PIT
315971004.3576704,00000000-0000-0000-0000-000000014669,OTHERS,2175.371370380682,831.6436553182567,PIT
315971004.3576704,00000000-0000-0000-0000-000000014818,OTHERS,2135.4133476409347,815.6871987509618,PIT
315971004.4616864,00000000-0000-0000-0000-000000000000,AV,2163.802698525319,815.7267218233337,PIT
315971004.4616864,00000000-0000-0000-0000-000000014661,OTHERS,2151.341277724593,810.4719722195367,PIT
315971004.4616864,00000000-0000-0000-0000-000000014364,OTHERS,2180.1701171289474,835.2419703824329,PIT
315971004.4616864,00000000-0000-0000-0000-000000014818,OTHERS,2135.432870401069,815.4977468857629,PIT
315971004.4616864,00000000-0000-0000-0000-000000014751,AGENT,2139.537575946469,800.8296766445424,PIT
315971004.4616864,00000000-0000-0000-0000-000000014834,OTHERS,2120.2283803413884,826.6119664297435,PIT
315971004.4616864,00000000-0000-0000-0000-000000014686,OTHERS,2183.0218629450437,841.5009730365874,PIT
315971004.4616864,00000000-0000-0000-0000-000000014617,OTHERS,2179.910058437589,827.2840299935796,PIT
315971004.4616864,00000000-0000-0000-0000-000000014833,OTHERS,2186.883165858223,845.1098699954822,PIT
315971004.4616864,00000000-0000-0000-0000-000000014692,OTHERS,2168.6294969684086,826.6948486030066,PIT
315971004.4616864,00000000-0000-0000-0000-000000014762,OTHERS,2172.1335505275674,823.5992017451738,PIT
315971004.4616864,00000000-0000-0000-0000-000000014708,OTHERS,2160.2117278095648,819.184088337899,PIT
315971004.4616864,00000000-0000-0000-0000-000000014684,OTHERS,2154.4007689264245,797.2822977581112,PIT
315971004.4616864,00000000-0000-0000-0000-000000014676,OTHERS,2177.294801997476,837.0482406705298,PIT
315971004.4616864,00000000-0000-0000-0000-000000014723,OTHERS,2222.4879079655043,863.1154790823497,PIT
315971004.4616864,00000000-0000-0000-0000-000000014831,OTHERS,2158.770907463293,819.5560130450552,PIT
315971004.4616864,00000000-0000-0000-0000-000000014669,OTHERS,2175.200776207546,831.5023249337711,PIT
315971004.55822587,00000000-0000-0000-0000-000000000000,AV,2163.4903334071287,815.4534870621633,PIT
315971004.55822587,00000000-0000-0000-0000-000000014661,OTHERS,2150.9124670070896,810.0774690767381,PIT
315971004.55822587,00000000-0000-0000-0000-000000014676,OTHERS,2177.2918013200133,837.0083163374956,PIT
315971004.55822587,00000000-0000-0000-0000-000000014751,AGENT,2138.699432743524,800.0685151598759,PIT
315971004.55822587,00000000-0000-0000-0000-000000014834,OTHERS,2120.2283803413884,826.6119664297435,PIT
315971004.55822587,00000000-0000-0000-0000-000000014686,OTHERS,2183.074361133687,841.5426756835292,PIT
315971004.55822587,00000000-0000-0000-0000-000000014762,OTHERS,2171.856446008055,823.3361874107202,PIT
315971004.55822587,00000000-0000-0000-0000-000000014708,OTHERS,2160.0399167578657,818.9976543792386,PIT
315971004.55822587,00000000-0000-0000-0000-000000014831,OTHERS,2158.50562840065,819.3663065271547,PIT
315971004.55822587,00000000-0000-0000-0000-000000014684,OTHERS,2154.7083605437333,796.5511655848923,PIT
315971004.55822587,00000000-0000-0000-0000-000000014692,OTHERS,2168.3206305802473,826.4599009836921,PIT
315971004.55822587,00000000-0000-0000-0000-000000014669,OTHERS,2175.1727793986715,831.5768754289775,PIT
315971004.55822587,00000000-0000-0000-0000-000000014818,OTHERS,2135.558555050371,815.3852211831868,PIT
315971004.55822587,00000000-0000-0000-0000-000000014617,OTHERS,2180.051204575425,827.3820110223115,PIT
315971004.55822587,00000000-0000-0000-0000-000000014364,OTHERS,2180.292288507956,835.2501801616777,PIT
